timestamp,date_GMT,status,attendance,home_team_name,away_team_name,referee,Game Week,Pre-Match PPG (Home),Pre-Match PPG (Away),home_ppg,away_ppg,home_team_goal_count,away_team_goal_count,total_goal_count,total_goals_at_half_time,home_team_goal_count_half_time,away_team_goal_count_half_time,home_team_goal_timings,away_team_goal_timings,home_team_corner_count,away_team_corner_count,home_team_yellow_cards,home_team_red_cards,away_team_yellow_cards,away_team_red_cards,home_team_first_half_cards,home_team_second_half_cards,away_team_first_half_cards,away_team_second_half_cards,home_team_shots,away_team_shots,home_team_shots_on_target,away_team_shots_on_target,home_team_shots_off_target,away_team_shots_off_target,home_team_fouls,away_team_fouls,home_team_possession,away_team_possession,Home Team Pre-Match xG,Away Team Pre-Match xG,team_a_xg,team_b_xg,average_goals_per_match_pre_match,btts_percentage_pre_match,over_15_percentage_pre_match,over_25_percentage_pre_match,over_35_percentage_pre_match,over_45_percentage_pre_match,over_15_HT_FHG_percentage_pre_match,over_05_HT_FHG_percentage_pre_match,over_15_2HG_percentage_pre_match,over_05_2HG_percentage_pre_match,average_corners_per_match_pre_match,average_cards_per_match_pre_match,odds_ft_home_team_win,odds_ft_draw,odds_ft_away_team_win,odds_ft_over15,odds_ft_over25,odds_ft_over35,odds_ft_over45,odds_btts_yes,odds_btts_no,stadium_name
1706299200,Jan 26 2024 - 8:00pm,complete,N/A,UTC Cajamarca,Deportivo Garcilaso,Edwin Ordóñez,1,0.00,0.00,1.47,0.76,1,0,1,1,1,0,"45","",2,7,1,0,1,2,0,1,1,2,14,10,6,4,8,6,18,16,35,65,0.00,0.00,1.45,1.23,0.00,0,0,0,0,0,0,0,0,0,0.00,0.00,2.14,3.15,3.05,1.30,1.80,3.30,6.00,1.72,2.10,Estadio Municipal Germán Contreras Jara (Cajabamba)
1706313600,Jan 27 2024 - 12:00am,complete,N/A,Melgar,Real Garcilaso,Jesús Cartagena,1,0.00,0.00,2.59,1.24,2,3,5,3,1,2,"19,66","7,41,71",12,2,2,0,2,0,2,0,1,1,24,5,13,4,11,1,14,13,73,27,0.00,0.00,3.05,0.73,0.00,0,0,0,0,0,0,0,0,0,0.00,0.00,1.52,4.10,5.85,1.25,1.80,3.10,5.50,1.90,1.87,Estadio de la Universidad Nacional San Agustín (Arequipa)
1706385600,Jan 27 2024 - 8:00pm,complete,N/A,Sporting Cristal,ADT,Augusto Menéndez,1,0.00,0.00,2.71,0.88,6,2,8,2,1,1,"39,51,56,63,68,73","22,90'7",5,7,2,0,4,0,2,0,2,2,13,5,7,5,6,0,8,14,42,58,0.00,0.00,1.56,0.94,0.00,0,0,0,0,0,0,0,0,0,0.00,0.00,1.34,4.95,7.90,1.17,1.57,2.50,4.33,1.85,1.90,Estadio Alberto Gallardo (Lima)
1706394600,Jan 27 2024 - 10:30pm,complete,N/A,Sport Huancayo,Sport Boys,N/A,1,0.00,0.00,1.47,0.53,1,0,1,0,0,0,"60","",3,0,1,0,4,0,0,1,2,2,11,8,5,2,6,6,13,20,68,32,0.00,0.00,1.44,0.71,0.00,0,0,0,0,0,0,0,0,0,0.00,0.00,1.49,4.30,5.90,1.22,1.70,2.85,5.00,1.80,1.95,Estadio Huancayo (Huancayo)
1706403600,Jan 28 2024 - 1:00am,complete,N/A,Cienciano,Comerciantes Unidos,Daniel Ureta,1,0.00,0.00,1.76,0.65,1,0,1,1,1,0,"19","",4,3,3,1,3,0,3,1,1,2,12,7,5,4,7,3,25,14,47,53,0.00,0.00,1.37,0.92,0.00,0,0,0,0,0,0,0,0,0,0.00,0.00,1.40,4.60,6.25,1.18,1.57,2.40,4.20,1.80,1.88,Estadio Inca Garcilaso de la Vega (Cusco)
1706470200,Jan 28 2024 - 7:30pm,complete,N/A,Atlético Grau,Alianza Atlético,Jordi Estanley Espinoza Valles,1,0.00,0.00,1.76,0.88,1,1,2,1,1,0,"20","50",3,0,1,0,4,1,0,1,2,3,10,7,2,1,8,6,13,17,61,39,0.00,0.00,1.19,0.63,0.00,0,0,0,0,0,0,0,0,0,0.00,0.00,1.72,3.90,4.20,1.22,1.72,2.90,5.00,1.68,2.10,Estadio Campeones del '36 (Sullana)
1706479200,Jan 28 2024 - 10:00pm,complete,N/A,Carlos Manucci,Universitario,Diego Mirko Haro Sueldo,1,0.00,0.00,1.24,1.53,0,4,4,2,0,2,"","5,39,67,76",5,4,2,1,1,0,2,1,0,1,5,13,5,7,0,6,11,11,44,56,0.00,0.00,0.97,1.62,0.00,0,0,0,0,0,0,0,0,0,0.00,0.00,3.73,3.35,1.84,1.33,2.05,3.75,7.00,1.85,1.85,Estadio Mansiche (Trujillo)
1706490000,Jan 29 2024 - 1:00am,complete,N/A,Alianza Lima,César Vallejo,Joel Alarcón,1,0.00,0.00,2.24,0.24,2,1,3,2,1,1,"39,49","22",7,1,1,1,1,1,1,1,1,1,17,3,8,1,9,2,8,7,39,61,0.00,0.00,1.88,0.55,0.00,0,0,0,0,0,0,0,0,0,0.00,0.00,1.50,4.00,5.00,1.22,1.71,2.90,5.00,1.83,1.83,Estadio Nacional de Lima (Lima)
1706558400,Jan 29 2024 - 8:00pm,complete,N/A,Los Chankas,Unión Comercio,Micke Palomino,1,0.00,0.00,1.88,0.18,2,1,3,1,1,0,"23,76","90'2",4,5,1,0,2,1,0,1,1,2,15,7,5,3,10,4,13,11,49,51,0.00,0.00,1.56,0.91,0.00,0,0,0,0,0,0,0,0,0,0.00,0.00,1.77,3.62,4.40,1.28,1.77,3.30,6.00,1.75,2.00,Estadio Los Chankas (Andahuaylas)
1706904000,Feb 02 2024 - 8:00pm,complete,N/A,Real Garcilaso,UTC Cajamarca,Pablo López,2,0.00,0.00,2.29,0.35,1,1,2,0,0,0,"84","90'2",4,5,3,0,2,0,1,2,2,0,8,8,3,3,5,5,10,14,68,32,0.00,0.00,0.96,0.91,0.00,0,0,0,0,0,0,0,0,0,0.00,0.00,1.42,4.40,6.80,1.22,1.75,2.95,5.50,1.89,1.87,Estadio Inca Garcilaso de la Vega (Cusco)
1706922000,Feb 03 2024 - 1:00am,complete,N/A,César Vallejo,Melgar,Diego Mirko Haro Sueldo,2,0.00,0.00,1.53,1.53,3,2,5,3,2,1,"22,27,59","17,81",2,7,2,0,2,0,1,1,1,1,8,15,5,5,3,10,12,15,47,53,0.00,0.00,1.14,1.68,0.00,0,0,0,0,0,0,0,0,0,0.00,0.00,2.50,3.35,2.65,1.33,2.00,3.60,7.00,1.77,2.00,Estadio Mansiche (Trujillo)
1706990400,Feb 03 2024 - 8:00pm,complete,N/A,ADT,Cienciano,Micke Palomino,2,0.00,0.00,2.12,1.29,1,1,2,1,0,1,"62","41",7,1,2,0,5,1,0,2,2,4,20,9,9,2,11,7,4,14,69,31,0.00,0.00,2.31,0.83,0.00,0,0,0,0,0,0,0,0,0,0.00,0.00,2.28,3.35,2.95,1.30,1.90,3.30,6.00,1.68,2.12,Estadio Municipal Unión de Tarma (Tarma)
1706992200,Feb 03 2024 - 8:30pm,complete,N/A,Unión Comercio,Carlos Manucci,Jordi Estanley Espinoza Valles,2,0.00,0.00,0.82,0.59,2,2,4,0,0,0,"49,65","52,75",3,5,4,0,5,1,1,3,2,4,7,15,4,3,3,12,15,20,51,49,0.00,0.00,0.96,1.45,0.00,0,0,0,0,0,0,0,0,0,0.00,0.00,1.72,3.75,4.60,1.26,1.86,3.25,6.10,1.77,2.00,Estadio Municipal Carlos Vidaurre García (Tarapoto)
1707008400,Feb 04 2024 - 1:00am,complete,N/A,Universitario,Atlético Grau,Edwin Ordóñez,2,0.00,0.00,3.00,1.24,1,0,1,0,0,0,"85","",3,1,1,1,3,0,1,1,2,1,8,11,2,4,6,7,3,21,45,55,0.00,0.00,0.88,1.25,0.00,0,0,0,0,0,0,0,0,0,0.00,0.00,1.28,5.35,9.20,1.20,1.68,2.80,5.00,2.05,1.74,Estadio Monumental (Lima)
1707073200,Feb 04 2024 - 7:00pm,complete,N/A,Alianza Atlético,Alianza Lima,Augusto Menéndez,2,0.00,0.00,1.71,1.82,0,2,2,1,0,1,"","34,81",2,2,0,1,3,0,0,1,2,1,3,8,1,4,2,4,12,12,40,60,0.00,0.00,0.43,1.10,0.00,0,0,0,0,0,0,0,0,0,0.00,0.00,3.45,3.45,2.02,1.33,2.00,3.60,6.50,1.78,1.98,Estadio Campeones del '36 (Sullana)
1707080400,Feb 04 2024 - 9:00pm,complete,N/A,Sport Boys,Sporting Cristal,Joel Alarcón,2,0.00,0.00,1.53,1.65,1,3,4,3,0,3,"84","9,17,45",7,4,0,0,0,0,0,0,0,0,14,6,8,3,6,3,5,14,56,44,0.00,0.00,1.82,0.83,0.00,0,0,0,0,0,0,0,0,0,0.00,0.00,3.90,3.50,1.88,1.30,1.90,3.40,6.50,1.77,2.00,Estadio Miguel Grau del Callao (Callao)
1707091200,Feb 05 2024 - 12:00am,complete,N/A,Deportivo Garcilaso,Sport Huancayo,Daniel Ureta,2,0.00,0.00,1.41,0.76,0,2,2,0,0,0,"","50,79",13,3,2,1,1,0,2,1,0,1,15,4,5,3,10,1,11,10,62,38,0.00,0.00,1.68,0.58,0.00,0,0,0,0,0,0,0,0,0,0.00,0.00,2.08,3.08,2.99,1.25,1.72,2.90,5.25,1.65,2.10,Estadio Inca Garcilaso de la Vega (Cusco)
1707163200,Feb 05 2024 - 8:00pm,complete,N/A,Comerciantes Unidos,Los Chankas,Jonathan Zamora,2,0.00,0.00,1.41,0.41,3,2,5,2,0,2,"50,72,86","23,38",1,5,4,0,2,0,0,4,1,1,9,9,6,4,3,5,10,13,53,47,0.00,0.00,1.32,1.30,0.00,0,0,0,0,0,0,0,0,0,0.00,0.00,2.08,3.55,3.25,1.28,1.87,3.30,6.00,1.71,2.08,Estadio Municipal Germán Contreras Jara (Cajabamba)
1707508800,Feb 09 2024 - 8:00pm,complete,N/A,UTC Cajamarca,César Vallejo,Augusto Menéndez,3,3.00,0.00,1.47,0.24,4,0,4,1,1,0,"16,74,85,90","",2,10,2,0,2,0,1,1,1,1,8,5,4,2,4,3,9,6,28,72,1.45,0.55,0.93,0.83,2.00,50,50,50,0,0,50,100,0,50,3.00,4.00,2.08,3.17,2.92,1.32,2.08,3.56,6.85,1.83,1.83,Estadio Municipal Germán Contreras Jara (Cajabamba)
1707523200,Feb 10 2024 - 12:00am,complete,N/A,Cienciano,Sporting Cristal,Kevin Ortega,3,3.00,3.00,1.76,1.65,2,2,4,3,2,1,"23,31","10,78",4,3,2,0,5,0,1,1,0,5,22,6,8,2,14,4,7,9,56,44,1.37,0.83,2.30,0.72,2.50,50,50,50,50,0,50,100,0,50,8.00,5.00,2.44,3.11,2.44,1.38,2.20,4.00,8.00,1.91,1.80,Estadio Inca Garcilaso de la Vega (Cusco)
1707595200,Feb 10 2024 - 8:00pm,complete,N/A,Melgar,Alianza Atlético,Michael Espinoza,3,0.00,1.00,2.59,0.88,1,0,1,0,0,0,"90'5","",9,2,4,1,8,1,1,4,3,6,7,7,2,3,5,4,22,14,65,35,3.05,0.63,0.92,0.91,3.50,100,100,50,50,50,50,100,50,100,12.00,8.00,1.17,5.58,9.76,1.14,1.50,2.28,3.75,2.38,1.53,Estadio de la Universidad Nacional San Agustín (Arequipa)
1707597000,Feb 10 2024 - 8:30pm,complete,N/A,Carlos Manucci,Comerciantes Unidos,Sebastián Lozano,3,0.00,0.00,1.24,0.65,1,3,4,3,1,2,"33","2,20,67",7,2,4,0,2,0,2,2,2,0,15,10,6,5,9,5,14,17,60,40,0.97,0.92,1.78,1.18,2.50,0,50,50,50,0,50,100,50,50,8.00,7.00,1.63,3.37,4.32,1.33,2.05,3.75,7.00,2.00,1.73,Estadio Mansiche (Trujillo)
1707613200,Feb 11 2024 - 1:00am,complete,N/A,Alianza Lima,Universitario,Diego Mirko Haro Sueldo,3,3.00,3.00,2.24,1.53,0,1,1,1,0,1,"","18",8,0,2,2,6,0,1,3,2,4,17,12,6,5,11,7,15,14,61,39,1.88,1.62,1.86,1.30,3.50,50,100,100,50,0,100,100,50,100,11.00,4.00,2.29,2.96,2.74,1.50,2.50,5.00,10.00,2.10,1.67,Estadio Nacional de Lima (Lima)
1707681600,Feb 11 2024 - 8:00pm,complete,N/A,Los Chankas,ADT,N/A,3,3.00,0.00,1.88,0.88,2,0,2,0,0,0,"71,80","",7,3,1,0,2,0,0,1,1,1,9,15,4,4,5,11,11,12,43,57,1.56,0.94,1.30,1.57,5.50,100,100,100,50,50,50,100,100,100,11.00,5.00,2.00,3.30,3.40,1.38,2.10,4.00,8.00,1.91,1.80,Estadio Los Chankas (Andahuaylas)
1707685200,Feb 11 2024 - 9:00pm,complete,N/A,Sport Boys,Deportivo Garcilaso,Fernando Legario,3,0.00,0.00,1.53,0.76,2,0,2,1,1,0,"34,90'7","",10,3,2,0,4,1,0,2,3,2,14,9,6,3,8,6,20,12,61,39,1.82,1.23,1.56,0.98,2.50,50,50,50,50,0,50,100,0,50,14.00,5.00,2.15,3.25,3.10,1.37,2.15,3.75,7.50,1.91,1.80,Estadio Miguel Grau del Callao (Callao)
1707692400,Feb 11 2024 - 11:00pm,complete,N/A,Sport Huancayo,Real Garcilaso,Joel Alarcón,3,3.00,3.00,1.47,1.24,2,0,2,1,1,0,"44,87","",7,2,1,0,0,1,1,0,1,0,18,7,9,2,9,5,11,4,58,42,1.44,0.73,2.24,0.73,3.00,50,50,50,50,50,50,50,50,100,5.00,3.00,1.65,3.50,5.00,1.38,2.15,4.00,8.00,2.10,1.67,Estadio Huancayo (Huancayo)
1707766200,Feb 12 2024 - 7:30pm,complete,N/A,Atlético Grau,Unión Comercio,Julio César Quiróz,3,1.00,0.00,1.76,0.18,1,0,1,0,0,0,"90'1","",8,2,0,0,3,0,0,0,1,2,13,4,7,1,6,3,12,16,62,38,1.19,0.91,1.66,0.51,2.50,100,100,50,0,0,0,100,50,100,8.00,5.00,1.75,3.61,4.19,1.30,1.90,3.40,6.50,1.80,1.91,Estadio Campeones del '36 (Sullana)
1708045200,Feb 16 2024 - 1:00am,complete,N/A,Sporting Cristal,Los Chankas,Daniel Ureta,4,3.00,0.00,2.71,0.41,4,1,5,3,3,0,"2,10,22,64","53",3,5,1,0,2,0,1,0,2,0,12,8,5,2,7,6,19,12,46,54,1.56,1.30,1.42,0.96,6.50,100,100,100,100,100,100,100,100,100,10.00,4.00,1.36,4.20,7.50,1.28,1.95,3.28,6.15,2.25,1.61,Estadio Nacional de Lima (Lima)
1708111800,Feb 16 2024 - 7:30pm,complete,N/A,Alianza Atlético,UTC Cajamarca,Sebastián Lozano,4,0.00,1.00,1.71,0.35,2,0,2,1,1,0,"13,86","",0,5,1,0,4,0,1,0,0,4,7,9,3,2,4,7,12,13,54,46,0.43,0.91,0.80,1.05,2.00,50,100,0,0,0,0,50,50,100,7.00,4.00,2.10,3.50,3.10,1.29,1.95,3.20,5.75,1.73,2.00,Estadio Campeones del '36 (Sullana)
1708200000,Feb 17 2024 - 8:00pm,complete,N/A,ADT,Carlos Manucci,Pablo López,4,1.00,1.00,2.12,0.59,4,0,4,0,0,0,"61,67,84,89","",12,0,1,0,4,1,0,1,2,3,20,5,12,0,8,5,7,9,73,27,2.31,1.45,2.49,0.39,3.00,100,100,50,50,0,0,50,50,100,12.00,9.00,1.45,4.20,6.50,1.26,1.90,3.08,5.75,1.96,1.75,Estadio Municipal Unión de Tarma (Tarma)
1708210800,Feb 17 2024 - 11:00pm,complete,N/A,Real Garcilaso,Deportivo Garcilaso,Jonathan Zamora,4,1.00,0.00,2.29,0.76,1,0,1,0,0,0,"90'8","",11,4,2,0,4,3,1,1,2,5,9,8,3,1,6,7,5,9,76,24,0.96,1.10,1.16,0.71,1.75,50,75,0,0,0,0,50,50,75,9.00,8.50,1.73,3.60,4.50,1.22,1.75,2.65,4.75,1.68,2.05,Estadio Inca Garcilaso de la Vega (Cusco)
1708218000,Feb 18 2024 - 1:00am,complete,N/A,Universitario,Melgar,Roberto Pérez Gutierrez,4,3.00,0.00,3.00,1.53,2,0,2,0,0,0,"61,77","",1,4,2,0,4,0,1,1,2,2,8,9,5,2,3,7,16,16,53,47,0.88,1.68,1.12,0.94,3.00,50,50,50,50,50,50,50,50,100,10.00,5.00,1.73,3.40,4.50,1.28,1.95,3.10,5.75,1.82,1.85,Estadio Monumental (Lima)
1708282800,Feb 18 2024 - 7:00pm,complete,N/A,Unión Comercio,Alianza Lima,Kevin Ortega,4,1.00,3.00,0.82,1.82,1,3,4,2,0,2,"72","10,25,86",5,8,3,1,2,0,3,1,0,2,5,11,4,5,1,6,13,8,45,55,0.96,1.10,0.84,1.40,3.00,50,100,50,50,0,0,50,50,100,5.00,7.00,3.60,3.30,1.95,1.31,2.08,3.42,6.60,1.83,1.87,Estadio Municipal Carlos Vidaurre García (Tarapoto)
1708293600,Feb 18 2024 - 10:00pm,complete,N/A,Cienciano,Sport Boys,Joel Alarcón,4,2.00,0.00,1.76,0.53,3,2,5,1,0,1,"53,74,84","5,89",8,3,3,0,2,0,0,3,2,0,14,8,8,3,6,5,8,7,67,33,1.84,0.71,1.74,0.88,1.75,25,25,25,25,0,25,50,0,75,4.00,7.50,1.53,3.80,5.50,1.18,1.73,2.57,4.60,1.75,1.96,Estadio Inca Garcilaso de la Vega (Cusco)
1708302600,Feb 19 2024 - 12:30am,complete,N/A,César Vallejo,Sport Huancayo,Jesús Cartagena,4,3.00,3.00,1.53,0.76,1,1,2,1,1,0,"45'4","56",16,3,2,0,3,0,0,2,1,2,12,8,5,3,7,5,10,7,62,38,1.14,0.58,1.48,0.93,3.50,50,100,50,50,50,50,50,100,100,5.00,3.00,1.73,3.75,4.33,1.28,1.90,3.00,5.75,1.78,1.90,Estadio Mansiche (Trujillo)
1708372800,Feb 19 2024 - 8:00pm,complete,N/A,Comerciantes Unidos,Atlético Grau,Augusto Menéndez,4,3.00,0.00,1.41,1.24,2,2,4,1,1,0,"12,90'2","82,90'6",1,4,4,0,1,0,2,2,1,0,7,7,2,3,5,4,13,8,40,60,1.32,1.25,0.72,0.99,3.00,50,50,50,50,50,50,50,50,100,2.00,7.00,1.65,3.60,5.00,1.25,1.95,3.04,5.75,1.83,1.83,Estadio Municipal Germán Contreras Jara (Cajabamba)
1708718400,Feb 23 2024 - 8:00pm,complete,N/A,Sport Huancayo,Alianza Atlético,N/A,5,3.00,0.50,1.47,0.88,4,0,4,3,3,0,"16,23,34,54","",6,2,0,0,1,0,0,0,0,1,15,3,9,1,6,2,14,6,63,37,1.84,0.77,2.00,0.37,1.50,25,50,0,0,0,0,50,0,100,6.00,8.50,1.42,3.83,5.73,1.22,1.71,3.00,6.00,1.91,1.80,Estadio Huancayo (Huancayo)
1708804800,Feb 24 2024 - 8:00pm,complete,N/A,UTC Cajamarca,Universitario,Daniel Ureta,5,3.00,3.00,1.47,1.53,0,0,0,0,0,0,"","",2,4,1,0,0,0,0,1,0,0,5,7,2,3,3,4,16,5,35,65,1.19,1.46,0.65,0.95,2.50,0,50,50,50,0,25,100,50,50,4.00,5.00,3.15,3.15,1.98,1.33,1.89,3.60,6.50,1.77,2.00,Estadio Municipal Germán Contreras Jara (Cajabamba)
1708804800,Feb 24 2024 - 8:00pm,complete,N/A,Sport Boys,Real Garcilaso,Edwin Ordóñez,5,1.50,1.50,1.53,1.24,3,0,3,2,2,0,"6,42,64","",2,5,4,1,3,0,3,2,1,2,9,10,5,2,4,8,16,16,40,60,1.69,0.73,1.14,1.09,3.25,50,100,50,50,25,50,100,25,100,10.50,3.00,2.11,3.03,2.98,0.00,1.89,2.02,0.00,1.67,2.10,Estadio Miguel Grau del Callao (Callao)
1708813800,Feb 24 2024 - 10:30pm,complete,N/A,Melgar,Unión Comercio,Sebastián Lozano,5,1.50,0.00,2.59,0.18,2,1,3,2,1,1,"36,90'8","45'5",10,2,4,0,4,0,1,3,1,3,18,6,8,2,10,4,12,15,80,20,1.98,0.71,2.31,0.66,2.50,50,50,50,25,25,25,50,50,100,14.00,7.50,1.21,4.69,9.85,1.18,1.65,2.57,4.60,2.23,1.62,Estadio de la Universidad Nacional San Agustín (Arequipa)
1708816500,Feb 24 2024 - 11:15pm,complete,N/A,Carlos Manucci,Sporting Cristal,Jesús Cartagena,5,0.00,2.00,1.24,1.65,0,4,4,2,0,2,"","35,43,50,62",3,3,4,0,2,0,1,3,0,2,14,8,4,7,10,1,15,14,47,53,1.37,0.78,1.37,1.23,4.00,75,100,100,100,0,100,100,25,100,9.50,6.50,4.30,3.70,1.65,1.22,1.75,2.90,5.00,1.72,2.10,Estadio Mansiche (Trujillo)
1708886700,Feb 25 2024 - 6:45pm,complete,N/A,Atlético Grau,ADT,Robin Segura,5,2.00,0.00,1.76,0.88,2,2,4,2,0,2,"66,68","16,45",9,5,1,0,1,0,0,1,1,0,11,8,5,4,6,4,5,9,57,43,1.42,1.26,1.48,1.04,3.25,50,75,25,25,25,25,50,50,100,10.50,3.50,1.35,3.99,6.76,1.23,1.77,3.20,6.25,2.02,1.75,Estadio Municipal de Bernal (Humay)
1708894800,Feb 25 2024 - 9:00pm,complete,N/A,Alianza Lima,Comerciantes Unidos,N/A,5,1.50,1.50,2.24,0.65,5,1,6,4,3,1,"23,32,36,50,90'3","3",9,0,2,0,4,0,0,2,0,4,22,4,9,2,13,2,12,8,60,40,1.87,1.05,2.41,0.54,2.25,50,50,50,25,0,50,100,0,50,10.00,7.00,1.34,4.21,6.49,1.19,1.70,2.85,5.40,2.16,1.66,Estadio Municipal Iván Elías Moreno (Lima)
1708905600,Feb 26 2024 - 12:00am,complete,N/A,Deportivo Garcilaso,César Vallejo,Pablo López,5,0.00,0.00,1.41,0.24,2,0,2,0,0,0,"55,90'3","",9,1,3,0,2,0,2,1,1,1,25,9,11,4,14,5,9,9,59,41,1.68,0.69,2.71,1.05,2.75,25,100,50,25,0,25,50,75,100,18.50,5.50,1.79,3.28,3.61,1.30,1.83,3.50,6.50,1.77,2.00,Estadio Inca Garcilaso de la Vega (Cusco)
1708977600,Feb 26 2024 - 8:00pm,complete,N/A,Los Chankas,Cienciano,Augusto Menéndez,5,3.00,1.00,1.88,1.29,1,2,3,1,1,0,"20","55,80",8,7,1,0,2,0,1,0,0,2,11,9,5,5,6,4,7,6,45,55,1.43,0.83,1.73,1.35,2.25,75,100,25,0,0,0,75,50,100,6.50,7.00,2.24,3.26,2.95,1.23,1.69,3.00,5.80,1.63,2.22,Estadio Los Chankas (Andahuaylas)
1709234100,Feb 29 2024 - 7:15pm,complete,N/A,Alianza Atlético,Deportivo Garcilaso,Daniel Ureta,6,1.50,0.00,1.71,0.76,3,0,3,0,0,0,"56,70,90'2","",1,6,2,1,2,1,1,2,1,2,9,4,4,2,5,2,19,11,45,55,0.62,0.97,1.06,0.61,1.67,0,67,0,0,0,0,84,0,84,5.67,8.17,1.80,3.50,4.33,1.29,1.95,3.25,6.50,1.80,1.96,Estadio Campeones del '36 (Sullana)
1709323200,Mar 01 2024 - 8:00pm,complete,N/A,ADT,Alianza Lima,Augusto Menéndez,6,2.00,3.00,2.12,1.82,2,0,2,0,0,0,"60,66","",2,2,1,0,1,1,0,1,1,1,13,5,5,2,8,3,9,12,59,41,2.40,1.25,1.61,0.64,3.00,50,100,50,50,0,25,75,50,100,14.50,4.00,3.25,3.60,2.00,1.29,1.95,3.25,6.50,1.73,2.05,Estadio Municipal Unión de Tarma (Tarma)
1709343000,Mar 02 2024 - 1:30am,complete,N/A,Universitario,Sport Huancayo,Kevin Ortega,6,3.00,2.00,3.00,0.76,2,0,2,1,1,0,"45'1,90'5","",7,3,2,0,2,0,1,1,0,2,15,7,7,4,8,3,14,8,52,48,1.00,0.75,1.79,0.93,1.75,25,75,0,0,0,0,25,50,100,5.00,4.50,1.40,4.00,9.00,1.30,1.95,3.50,7.00,2.20,1.64,Estadio Monumental (Lima)
1709403300,Mar 02 2024 - 6:15pm,complete,N/A,Sporting Cristal,Atlético Grau,Jordi Estanley Espinoza Valles,6,3.00,0.50,2.71,1.24,1,0,1,0,0,0,"90'2","",6,3,4,0,2,0,1,3,1,1,8,11,4,3,4,8,14,9,58,42,1.49,1.12,1.28,1.17,4.50,75,75,75,75,50,50,75,75,100,6.50,3.50,1.22,4.77,8.85,1.20,1.65,2.75,4.75,2.14,1.67,Estadio Alberto Gallardo (Lima)
1709412300,Mar 02 2024 - 8:45pm,complete,N/A,Comerciantes Unidos,Melgar,Pablo López,6,2.00,0.00,1.41,1.53,0,0,0,0,0,0,"","",4,7,2,0,0,0,1,1,0,0,9,10,3,3,6,7,13,9,44,56,1.02,1.31,1.14,1.27,4.00,75,100,75,75,50,50,75,100,100,6.50,7.00,3.20,3.20,2.20,1.30,1.90,3.30,6.50,1.70,2.10,Estadio Juan Maldonado Gamarra (Cutervo)
1709424000,Mar 03 2024 - 12:00am,complete,N/A,César Vallejo,Real Garcilaso,N/A,6,2.00,1.00,1.53,1.24,2,2,4,3,1,2,"3,54","8,29",4,4,1,1,3,0,1,1,2,1,13,10,7,5,6,5,7,12,67,33,1.31,0.85,1.85,1.44,3.42,67,100,59,42,42,59,100,42,100,12.00,4.33,1.75,3.75,4.33,1.30,1.90,3.50,6.50,1.82,1.94,Estadio Mansiche (Trujillo)
1709496000,Mar 03 2024 - 8:00pm,complete,N/A,Los Chankas,Sport Boys,Micke Palomino,6,2.00,0.00,1.88,0.53,2,0,2,1,1,0,"45'2,78","",4,7,3,0,3,1,2,1,3,1,6,10,4,4,2,6,13,7,43,57,1.53,0.80,0.92,1.13,2.84,59,75,59,25,25,0,59,75,100,7.83,4.00,1.67,3.50,5.00,1.28,1.95,3.30,6.00,1.85,1.91,Estadio Los Chankas (Andahuaylas)
1709510400,Mar 04 2024 - 12:00am,complete,N/A,Cienciano,Carlos Manucci,N/A,6,2.33,0.50,1.76,0.59,2,2,4,1,1,0,"15,81","85,90'6",5,1,3,0,4,0,1,2,1,3,9,14,5,5,4,9,9,11,53,47,1.80,0.92,1.15,1.50,3.67,59,84,84,84,17,17,50,67,84,7.83,9.83,1.29,5.25,9.50,1.22,1.70,2.80,5.00,2.14,1.67,Estadio Inca Garcilaso de la Vega (Cusco)
1709578800,Mar 04 2024 - 7:00pm,complete,N/A,Unión Comercio,UTC Cajamarca,Edwin Ordóñez,6,0.50,0.50,0.82,0.35,2,0,2,0,0,0,"87,90'2","",4,6,0,0,1,0,0,0,0,1,10,7,3,2,7,5,15,7,55,45,0.90,0.98,1.18,0.85,3.00,75,100,50,50,0,25,50,75,100,9.00,7.00,2.10,3.30,3.25,1.30,1.95,3.40,6.50,1.74,2.04,Estadio Municipal Carlos Vidaurre García (Tarapoto)
1709841600,Mar 07 2024 - 8:00pm,complete,N/A,Real Garcilaso,Alianza Atlético,Sebastián Lozano,7,2.00,0.33,2.29,0.88,2,0,2,2,2,0,"27,39","",6,4,1,0,4,0,1,0,2,2,14,4,7,2,7,2,11,12,58,42,1.06,0.64,1.57,0.57,1.92,42,59,17,17,0,17,34,25,100,8.83,7.83,1.39,4.20,8.40,1.25,1.82,3.20,6.00,2.25,1.61,Estadio Inca Garcilaso de la Vega (Cusco)
1709928000,Mar 08 2024 - 8:00pm,complete,N/A,UTC Cajamarca,Comerciantes Unidos,N/A,7,2.33,1.00,1.47,0.65,2,3,5,4,2,2,"32,45","8,24,74",9,1,4,0,3,0,2,2,1,2,18,6,7,4,11,2,17,16,52,48,1.01,0.88,1.99,0.91,2.67,34,50,50,50,17,34,84,33,50,3.67,4.33,2.02,3.30,3.55,1.29,1.90,3.20,6.00,1.73,2.05,Estadio Municipal Germán Contreras Jara (Cajabamba)
1709946000,Mar 09 2024 - 1:00am,complete,N/A,Deportivo Garcilaso,Universitario,Edwin Ordóñez,7,1.50,2.33,1.41,1.53,2,2,4,2,1,1,"45'3,52","40,81",4,3,2,0,1,0,1,1,1,0,17,12,8,5,9,7,15,9,46,54,2.20,1.29,1.83,1.29,1.84,0,67,17,17,0,17,34,67,67,13.67,5.33,3.31,3.03,1.97,1.30,2.03,3.50,6.50,1.90,1.86,Estadio Inca Garcilaso de la Vega (Cusco)
1710008100,Mar 09 2024 - 6:15pm,complete,N/A,Atlético Grau,Cienciano,Augusto Menéndez,7,1.67,2.00,1.76,1.29,1,1,2,0,0,0,"90'9","64",10,2,1,0,2,0,1,0,1,1,8,4,3,1,5,3,11,10,68,32,1.44,1.09,1.25,0.45,2.42,84,84,42,17,0,17,84,42,100,10.67,4.67,1.98,3.45,3.55,1.30,1.95,3.40,6.50,1.78,1.99,Estadio Campeones del '36 (Sullana)
1710016200,Mar 09 2024 - 8:30pm,complete,N/A,Melgar,ADT,Daniel Ureta,7,2.00,0.33,2.59,0.88,3,1,4,1,1,0,"37,50,84","58",3,5,3,0,1,0,0,3,0,1,12,6,5,2,7,4,14,12,49,51,2.09,1.18,1.33,0.77,3.84,67,84,67,50,33,67,67,67,100,15.33,6.33,1.55,4.10,5.35,1.22,1.70,2.80,5.00,1.77,2.00,Estadio de la Universidad Nacional San Agustín (Arequipa)
1710018000,Mar 09 2024 - 9:00pm,complete,N/A,Carlos Manucci,Los Chankas,Pablo López,7,0.00,0.00,1.24,0.41,2,1,3,1,0,1,"50,90","12",8,5,4,0,2,1,2,2,1,2,16,4,6,2,10,2,11,17,54,46,1.37,1.13,1.86,0.61,4.50,67,100,100,100,50,100,100,84,100,10.00,6.00,2.18,3.35,3.15,1.30,1.95,3.40,6.50,1.75,2.03,Estadio Mansiche (Trujillo)
1710032400,Mar 10 2024 - 1:00am,complete,N/A,Alianza Lima,Sporting Cristal,Kevin Ortega,7,2.00,2.33,2.24,1.65,1,2,3,1,1,0,"38","50,77",11,5,2,0,4,0,0,2,2,2,11,12,5,5,6,7,11,11,58,42,2.05,0.93,1.50,1.36,3.67,67,84,84,67,17,84,100,33,84,11.33,6.00,2.38,3.35,2.82,1.30,1.90,3.30,6.50,1.69,2.11,Estadio Alejandro Villanueva (Lima)
1710100800,Mar 10 2024 - 8:00pm,complete,N/A,Sport Huancayo,Unión Comercio,Micke Palomino,7,3.00,0.00,1.47,0.18,2,2,4,1,0,1,"86,90'6","32,58",6,2,2,0,2,0,0,2,1,1,7,12,5,7,2,5,10,13,72,28,1.90,0.69,1.31,1.49,2.33,34,67,50,17,0,33,67,17,100,8.33,4.34,1.24,5.45,12.00,1.20,1.68,2.75,4.75,2.17,1.66,Estadio Huancayo (Huancayo)
1710100800,Mar 10 2024 - 8:00pm,complete,N/A,Sport Boys,César Vallejo,Diego Mirko Haro Sueldo,7,2.00,0.00,1.53,0.24,2,0,2,2,2,0,"6,40","",1,6,4,0,4,0,1,3,1,3,4,8,2,1,2,7,19,11,23,77,1.51,0.81,0.56,1.03,3.00,33,100,67,33,0,50,84,34,100,10.33,5.00,2.22,3.35,3.05,1.33,2.00,3.60,7.00,1.80,1.96,Estadio Miguel Grau del Callao (Callao)
1710293400,Mar 13 2024 - 1:30am,complete,N/A,Universitario,Real Garcilaso,Diego Mirko Haro Sueldo,8,3.00,1.00,3.00,1.24,1,0,1,1,1,0,"32","",9,0,1,0,5,2,1,0,2,5,17,3,9,0,8,3,11,9,56,44,1.26,1.00,2.20,0.33,2.59,25,84,38,25,13,38,67,29,100,6.92,4.83,1.25,4.61,9.47,1.28,1.73,3.20,6.00,2.35,1.51,Estadio Monumental (Lima)
1710372600,Mar 13 2024 - 11:30pm,complete,N/A,Cienciano,Alianza Lima,Daniel Ureta,8,2.00,2.00,1.76,1.82,2,1,3,1,1,0,"21,88","52",3,1,2,0,3,1,1,1,1,3,10,10,5,4,5,6,12,11,58,42,1.64,1.05,1.22,1.09,3.09,54,88,54,54,13,29,84,59,88,9.25,5.92,2.05,3.18,2.96,1.36,1.92,3.75,7.50,1.80,1.87,Estadio Inca Garcilaso de la Vega (Cusco)
1710381600,Mar 14 2024 - 2:00am,complete,N/A,Sporting Cristal,Melgar,Edwin Ordóñez,8,3.00,0.33,2.71,1.53,1,2,3,2,0,2,"69","11,25",12,2,2,0,3,0,1,1,2,1,17,6,7,3,10,3,13,14,58,42,1.42,1.30,2.07,0.79,3.50,50,67,50,50,50,50,50,67,84,10.67,4.33,1.57,3.51,4.54,1.28,1.73,3.10,6.00,1.80,1.88,Estadio Nacional de Lima (Lima)
1710441000,Mar 14 2024 - 6:30pm,complete,N/A,Alianza Atlético,César Vallejo,Roberto Pérez Gutierrez,8,2.00,0.00,1.71,0.24,1,1,2,0,0,0,"52","58",4,3,1,0,0,0,0,1,0,0,8,4,6,2,2,2,13,8,43,57,0.76,0.86,1.14,0.59,2.54,13,100,42,13,0,25,71,42,88,5.50,4.75,2.38,3.20,2.88,1.29,2.00,3.34,6.45,1.74,2.05,Estadio Campeones del '36 (Sullana)
1710449100,Mar 14 2024 - 8:45pm,complete,N/A,Comerciantes Unidos,Sport Huancayo,Jordi Estanley Espinoza Valles,8,1.67,1.33,1.41,0.76,3,2,5,2,1,1,"6,56,68","29,90'3",7,5,2,0,4,1,0,2,2,3,15,9,6,5,9,4,15,9,52,48,1.06,0.81,1.64,1.20,2.50,50,84,34,34,17,17,67,50,84,5.00,5.33,3.01,3.01,2.10,1.28,1.85,3.20,6.15,1.71,2.08,Estadio Municipal Germán Contreras Jara (Cajabamba)
1710460800,Mar 15 2024 - 12:00am,complete,N/A,Carlos Manucci,Sport Boys,Alejandro Villanueva Ponce,8,0.75,0.00,1.24,0.53,1,0,1,0,0,0,"47","",1,9,4,0,2,0,2,2,1,1,5,16,2,5,3,11,13,9,44,56,1.49,0.91,0.63,1.69,3.21,42,84,67,54,17,38,84,54,100,9.08,7.67,2.10,3.01,3.01,1.29,1.90,3.34,6.40,1.74,2.04,Estadio Mansiche (Trujillo)
1710526500,Mar 15 2024 - 6:15pm,complete,N/A,Unión Comercio,Deportivo Garcilaso,Michael Espinoza,8,1.33,0.00,0.82,0.76,0,4,4,2,0,2,"","18,45'4,57,73",5,2,3,0,1,0,2,1,1,0,12,14,3,7,9,7,14,8,57,43,0.99,0.88,1.39,1.63,2.54,34,75,46,34,0,17,42,63,88,9.00,8.67,1.97,3.03,3.31,1.32,1.85,3.40,6.50,1.75,2.05,Estadio Municipal Carlos Vidaurre García (Tarapoto)
1710534600,Mar 15 2024 - 8:30pm,complete,N/A,Los Chankas,Atlético Grau,Kevin Ortega,8,2.25,0.33,1.88,1.24,0,1,1,1,0,1,"","19",4,2,0,1,0,1,0,1,0,1,17,7,5,3,12,4,9,15,57,43,1.38,1.14,1.84,0.94,2.25,42,67,42,17,0,0,54,54,100,8.42,3.50,1.56,3.51,4.65,1.28,1.85,3.20,6.15,1.93,1.77,Estadio Los Chankas (Andahuaylas)
1710619200,Mar 16 2024 - 8:00pm,complete,N/A,ADT,UTC Cajamarca,Jesús Cartagena,8,2.33,0.33,2.12,0.35,2,1,3,1,1,0,"29,55","53",1,5,1,0,3,0,0,1,1,2,15,12,4,5,11,7,8,10,58,42,2.13,0.94,1.42,1.45,2.34,33,100,17,17,0,0,33,67,100,12.33,3.66,1.72,3.25,3.99,1.31,2.05,3.48,6.70,1.93,1.77,Estadio Municipal Unión de Tarma (Tarma)
1711656000,Mar 28 2024 - 8:00pm,complete,N/A,Deportivo Garcilaso,Comerciantes Unidos,Sebastián Lozano,9,1.33,1.50,1.41,0.65,1,2,3,1,0,1,"79","45'3,85",6,5,1,1,4,1,1,1,1,4,16,9,9,5,7,4,6,16,44,56,2.07,0.89,2.01,1.18,3.34,54,88,54,54,25,54,67,63,88,10.17,5.67,1.62,3.75,5.50,1.28,1.85,3.20,6.00,1.80,1.98,Estadio Inca Garcilaso de la Vega (Cusco)
1711674000,Mar 29 2024 - 1:00am,complete,N/A,Alianza Lima,Los Chankas,Joel Alarcón,9,1.50,0.00,2.24,0.41,3,0,3,2,2,0,"15,36,74","",11,0,0,0,0,0,0,0,0,0,16,1,6,0,10,1,7,11,61,39,1.91,0.95,1.83,0.20,3.79,88,88,88,46,46,59,100,75,88,13.75,5.58,1.31,4.26,6.99,1.21,1.73,2.75,5.00,2.05,1.75,Estadio Alejandro Villanueva (Lima)
1711756800,Mar 30 2024 - 12:00am,complete,N/A,Real Garcilaso,Unión Comercio,Micke Palomino,9,2.33,0.25,2.29,0.18,1,0,1,0,0,0,"59","",5,3,2,0,3,0,1,1,2,1,12,8,4,3,8,5,9,14,71,29,1.23,0.89,1.44,0.87,2.21,54,71,38,13,0,29,54,42,84,9.75,5.25,1.50,4.00,7.00,1.26,1.80,3.10,6.00,1.95,1.85,Estadio Inca Garcilaso de la Vega (Cusco)
1711826100,Mar 30 2024 - 7:15pm,complete,N/A,Atlético Grau,Carlos Manucci,Michael Espinoza,9,1.50,0.67,1.76,0.59,3,0,3,0,0,0,"63,75,83","",9,0,1,0,3,0,0,1,2,1,8,4,3,2,5,2,15,8,68,32,1.39,1.12,1.27,0.49,3.13,71,88,63,63,0,13,42,75,100,9.50,6.42,1.56,3.60,4.52,1.28,1.76,3.20,6.00,1.83,1.98,Estadio Campeones del '36 (Sullana)
1711835100,Mar 30 2024 - 9:45pm,complete,N/A,Melgar,Cienciano,Jesús Cartagena,9,2.25,1.67,2.59,1.29,2,0,2,2,2,0,"35,41","",1,7,2,0,1,0,1,1,1,0,14,11,7,2,7,9,11,6,49,51,1.90,0.88,1.65,1.06,2.79,88,88,54,25,13,25,71,59,100,11.83,7.08,1.67,4.00,4.75,1.28,1.85,3.10,6.00,1.75,2.05,Estadio de la Universidad Nacional San Agustín (Arequipa)
1711846800,Mar 31 2024 - 1:00am,complete,N/A,César Vallejo,Universitario,Kevin Ortega,9,1.67,2.00,1.53,1.53,0,0,0,0,0,0,"","",1,4,5,2,3,0,1,6,3,0,6,6,2,3,4,3,14,11,46,54,1.49,1.29,0.73,0.96,2.96,63,75,59,59,17,59,88,42,75,10.08,4.33,3.75,3.40,1.95,1.36,2.15,3.60,6.50,1.91,1.80,Estadio Mansiche (Trujillo)
1711908000,Mar 31 2024 - 6:00pm,complete,N/A,Sport Huancayo,ADT,Fernando Legario,9,2.50,0.25,1.47,0.88,0,2,2,0,0,0,"","69,74",6,3,5,0,2,0,3,2,1,1,11,17,5,6,6,11,11,15,49,51,1.75,1.08,1.35,1.82,3.63,50,88,63,63,13,38,75,63,100,10.50,3.00,2.10,3.75,2.80,1.25,1.75,2.95,5.50,1.63,2.25,Estadio Huancayo (Huancayo)
1711915200,Mar 31 2024 - 8:00pm,complete,N/A,Sport Boys,Alianza Atlético,Pablo López,9,2.25,0.25,1.53,0.88,0,0,0,0,0,0,"","",6,2,4,0,5,0,2,2,1,4,8,5,2,1,6,4,11,24,61,39,1.27,0.62,0.87,0.63,2.50,25,88,38,25,0,63,88,0,75,7.00,8.00,1.75,4.00,4.20,1.30,1.90,3.30,6.50,1.85,1.92,Estadio Miguel Grau del Callao (Callao)
1711917000,Mar 31 2024 - 8:30pm,complete,N/A,UTC Cajamarca,Sporting Cristal,Jordi Estanley Espinoza Valles,9,1.75,2.50,1.47,1.65,1,2,3,2,0,2,"90'5","16,25",9,1,4,0,1,0,2,2,0,1,17,9,5,4,12,5,14,21,55,45,1.26,1.03,1.74,1.08,3.13,50,75,75,63,13,50,88,38,75,7.50,4.75,4.33,3.60,1.80,1.25,1.85,2.90,5.25,1.73,2.00,Estadio Municipal Germán Contreras Jara (Cajabamba)
1712345400,Apr 05 2024 - 7:30pm,complete,N/A,Atlético Grau,Sport Boys,Joel Alarcón,10,1.80,0.00,1.76,0.53,0,0,0,0,0,0,"","",13,2,1,0,1,0,0,1,0,1,8,2,1,2,7,0,12,6,61,39,1.37,1.10,0.97,0.56,2.33,43,65,33,23,13,10,45,43,100,12.55,4.05,1.53,4.00,5.50,1.30,1.95,3.40,6.50,1.95,1.80,Estadio Campeones del '36 (Sullana)
1712367000,Apr 06 2024 - 1:30am,complete,N/A,Universitario,Alianza Atlético,Micke Palomino,10,3.00,0.40,3.00,0.88,1,0,1,0,0,0,"53","",5,2,3,0,2,0,2,1,2,0,7,6,3,1,4,5,10,15,62,38,1.50,0.62,1.13,0.66,1.65,10,55,10,10,0,20,55,13,68,7.00,7.00,1.17,5.27,10.39,1.18,1.62,2.65,4.75,2.25,1.62,Estadio Monumental (Lima)
1712426400,Apr 06 2024 - 6:00pm,complete,N/A,Los Chankas,Melgar,Fernando Legario,10,1.80,1.00,1.88,1.53,2,2,4,1,0,1,"71,90'11","37,88",5,7,1,1,4,1,1,1,1,4,10,9,4,7,6,2,4,13,41,59,1.47,1.17,1.15,1.48,2.35,45,78,45,13,13,25,65,55,78,10.40,3.85,3.12,3.02,2.05,1.30,1.80,3.30,6.00,1.72,2.05,Estadio Los Chankas (Andahuaylas)
1712435400,Apr 06 2024 - 8:30pm,complete,N/A,Unión Comercio,César Vallejo,Augusto Menéndez,10,1.00,0.20,0.82,0.24,2,2,4,2,1,1,"38,75","9,90'7",4,4,2,0,4,0,0,2,0,4,6,8,3,6,3,2,17,11,47,53,1.09,0.81,0.84,1.24,3.05,45,100,58,48,0,45,55,80,90,8.45,4.95,2.18,3.11,2.78,1.38,2.15,4.00,8.00,1.90,1.87,Estadio Municipal Carlos Vidaurre García (Tarapoto)
1712442600,Apr 06 2024 - 10:30pm,complete,N/A,Carlos Manucci,Alianza Lima,Roberto Pérez Gutierrez,10,1.20,1.50,1.24,1.82,0,4,4,0,0,0,"","56,75,83,90",2,11,1,0,1,0,0,1,0,1,3,14,0,7,3,7,13,12,29,71,1.32,1.06,0.34,1.75,2.98,45,90,65,43,0,43,78,68,100,8.05,7.25,3.28,3.19,1.91,1.30,1.80,3.30,6.50,1.75,2.05,Estadio Mansiche (Trujillo)
1712449800,Apr 07 2024 - 12:30am,complete,N/A,Cienciano,UTC Cajamarca,Julio César Quiróz,10,2.20,0.25,1.76,0.35,1,1,2,2,1,1,"13","45'9",1,2,4,1,3,0,0,5,2,1,9,22,5,6,4,16,15,11,50,50,1.56,1.06,1.17,1.99,2.83,65,90,53,30,10,10,75,68,90,10.05,5.50,1.35,4.02,6.60,1.28,1.76,3.25,6.00,2.10,1.68,Estadio Inca Garcilaso de la Vega (Cusco)
1712512800,Apr 07 2024 - 6:00pm,complete,N/A,ADT,Deportivo Garcilaso,N/A,10,2.50,0.60,2.12,0.76,2,2,4,2,0,2,"47,82","25,44",9,2,2,0,4,0,1,1,2,2,16,9,7,4,9,5,13,15,64,36,1.96,1.03,1.99,1.00,2.48,25,80,45,23,0,10,55,58,90,9.90,6.25,1.65,3.43,4.15,1.33,1.86,3.60,7.00,1.87,1.87,Estadio Municipal Unión de Tarma (Tarma)
1712521800,Apr 07 2024 - 8:30pm,complete,N/A,Sporting Cristal,Sport Huancayo,Michael Espinoza,10,2.25,1.00,2.71,0.76,4,0,4,0,0,0,"53,67,74,90'2","",5,4,3,0,2,0,0,3,2,0,17,11,7,4,10,7,17,10,52,48,1.58,0.91,2.05,1.16,3.50,63,88,50,38,38,50,75,50,100,10.00,5.00,1.33,4.50,9.00,1.18,1.57,2.50,4.33,1.90,1.85,Estadio Alberto Gallardo (Lima)
1712606400,Apr 08 2024 - 8:00pm,complete,N/A,Comerciantes Unidos,Real Garcilaso,Jesús Cartagena,10,2.00,0.80,1.41,1.24,0,1,1,1,0,1,"","27",9,5,3,0,4,0,0,3,1,3,5,7,1,4,4,3,9,15,43,57,1.20,0.86,0.68,1.00,3.25,58,78,68,58,35,55,88,48,78,5.85,6.60,2.09,3.07,2.97,1.30,1.85,3.50,6.50,1.75,2.00,Estadio Municipal Germán Contreras Jara (Cajabamba)
1712952000,Apr 12 2024 - 8:00pm,complete,N/A,Sport Huancayo,Cienciano,Pablo López,11,2.00,1.25,1.47,1.29,1,2,3,1,1,0,"6","62,90'1",3,8,2,1,4,1,1,2,2,3,11,10,4,3,7,7,10,14,44,56,1.67,0.92,1.18,1.33,2.43,48,90,33,20,0,23,68,45,88,9.85,4.55,2.00,3.40,3.60,1.29,2.00,3.25,6.50,1.75,2.03,Estadio Huancayo (Huancayo)
1713036600,Apr 13 2024 - 7:30pm,complete,N/A,Alianza Atlético,Unión Comercio,Jonathan Zamora,11,1.75,0.20,1.71,0.18,2,0,2,2,2,0,"23,35","",5,2,4,0,3,0,1,3,3,0,8,3,2,1,6,2,13,14,45,55,0.86,0.89,0.92,0.54,2.33,43,80,43,10,0,10,55,45,100,4.55,4.95,1.73,3.50,5.00,1.25,1.90,3.20,5.97,1.80,1.96,Estadio Campeones del '36 (Sullana)
1713045600,Apr 13 2024 - 10:00pm,complete,N/A,Melgar,Carlos Manucci,Augusto Menéndez,11,2.40,0.50,2.59,0.59,2,0,2,0,0,0,"63,85","",3,1,3,0,5,0,3,0,1,4,17,3,6,2,11,1,7,15,65,35,1.85,0.96,1.94,0.59,3.38,55,90,80,58,10,30,53,70,90,8.50,8.40,1.21,4.77,9.41,1.16,1.57,2.62,4.48,2.00,1.77,Estadio de la Universidad Nacional San Agustín (Arequipa)
1713056400,Apr 14 2024 - 1:00am,complete,N/A,Sport Boys,Universitario,Michael Espinoza,11,2.00,1.80,1.53,1.53,1,2,3,0,0,0,"85","74,81",6,3,5,0,3,0,2,3,2,1,6,10,1,5,5,5,16,10,45,55,1.19,1.22,0.85,1.47,2.00,20,60,40,30,0,50,70,20,50,8.20,5.40,6.00,3.75,1.57,1.30,2.08,3.76,7.47,2.00,1.77,Estadio Miguel Grau del Callao (Callao)
1713117600,Apr 14 2024 - 6:00pm,complete,N/A,César Vallejo,Comerciantes Unidos,Joel Alarcón,11,1.50,1.80,1.53,0.65,3,1,4,3,2,1,"2,9,57","24",10,5,0,1,1,1,0,1,0,2,12,8,8,4,4,4,10,12,49,51,1.30,0.94,1.63,1.03,3.28,78,78,65,55,33,55,88,33,78,7.95,7.10,1.67,3.60,5.00,1.25,1.85,3.20,5.97,1.75,2.03,Estadio Mansiche (Trujillo)
1713132000,Apr 14 2024 - 10:00pm,complete,N/A,Real Garcilaso,ADT,Jordi Estanley Espinoza Valles,11,2.50,0.80,2.29,0.88,3,2,5,4,2,2,"3,39,90'5","6,42",3,6,5,1,0,3,3,3,1,2,9,4,7,3,2,1,17,4,65,35,1.28,1.23,1.42,0.66,2.75,43,75,30,30,10,33,43,63,88,11.10,4.00,1.91,3.60,3.60,1.25,1.85,3.20,5.92,1.65,2.18,Estadio Inca Garcilaso de la Vega (Cusco)
1713141000,Apr 15 2024 - 12:30am,complete,N/A,Alianza Lima,Atlético Grau,Jesús Cartagena,11,1.80,1.00,2.24,1.24,2,0,2,0,0,0,"52,90'1","",3,3,1,1,1,1,1,1,0,2,11,4,3,1,8,3,8,9,44,56,1.90,1.09,1.17,0.62,2.48,43,53,53,23,10,30,75,33,78,11.70,4.60,1.31,4.02,7.68,1.25,1.76,3.20,5.97,2.20,1.64,Estadio Alejandro Villanueva (Lima)
1713211200,Apr 15 2024 - 8:00pm,complete,N/A,UTC Cajamarca,Los Chankas,N/A,11,1.40,0.00,1.47,0.41,2,0,2,1,1,0,"34,82","",6,7,0,0,4,0,0,0,2,2,11,13,4,6,7,7,12,11,46,54,1.35,0.77,1.24,1.60,3.30,58,80,80,45,35,58,90,48,80,8.55,4.15,1.91,3.50,3.75,1.30,1.90,3.40,6.50,1.74,2.04,Estadio Municipal Germán Contreras Jara (Cajabamba)
1713227400,Apr 16 2024 - 12:30am,complete,N/A,Deportivo Garcilaso,Sporting Cristal,Roberto Pérez Gutierrez,11,1.00,2.60,1.41,1.65,2,3,5,4,1,3,"36,72","22,27,45'1",4,4,3,0,3,0,2,1,0,3,16,11,6,5,10,6,12,15,58,42,2.06,1.04,1.73,1.33,3.18,65,100,75,43,0,53,75,70,100,11.20,5.15,3.75,3.60,1.91,1.15,1.85,2.25,3.60,1.50,2.40,Estadio Inca Garcilaso de la Vega (Cusco)
1713488400,Apr 19 2024 - 1:00am,complete,N/A,Alianza Lima,Sport Boys,Augusto Menéndez,12,2.00,0.20,2.24,0.53,3,0,3,1,1,0,"6,77,80","",5,2,2,0,3,1,0,2,1,3,11,5,6,0,5,5,11,16,51,49,1.78,1.00,1.46,0.53,2.40,35,62,44,19,19,25,62,35,82,12.37,5.47,1.25,5.50,11.00,1.14,1.53,2.28,4.48,1.85,1.91,Estadio Alejandro Villanueva (Lima)
1713556800,Apr 19 2024 - 8:00pm,complete,N/A,Unión Comercio,Universitario,Roberto Pérez Gutierrez,12,1.00,2.00,0.82,1.53,1,2,3,1,0,1,"57","45'2,60",2,2,3,0,1,0,1,2,0,1,7,12,4,8,3,4,14,8,42,58,1.04,1.26,0.98,1.56,2.80,47,75,65,57,0,47,55,75,75,7.20,4.93,5.00,4.33,1.53,1.16,1.65,2.75,4.98,1.60,2.27,Estadio Municipal Carlos Vidaurre García (Tarapoto)
1713574800,Apr 20 2024 - 1:00am,complete,N/A,Cienciano,Deportivo Garcilaso,Joel Alarcón,12,2.00,0.67,1.76,0.76,0,2,2,0,0,0,"","84,90",6,2,0,0,1,0,0,0,1,0,9,17,2,5,7,12,4,11,66,34,1.49,1.03,1.06,1.64,2.84,50,75,59,42,9,33,84,50,75,8.17,8.16,1.66,3.48,4.01,1.27,1.80,3.00,5.20,1.78,1.96,Estadio Inca Garcilaso de la Vega (Cusco)
1713636000,Apr 20 2024 - 6:00pm,complete,N/A,Los Chankas,Sport Huancayo,Jonathan Zamora,12,1.67,0.80,1.88,0.76,6,0,6,2,2,0,"13,34,49,56,63,78","",5,3,2,0,0,2,0,2,2,0,16,7,9,1,7,6,20,9,61,39,1.42,0.96,1.94,0.70,2.75,45,92,45,29,10,10,72,64,92,8.93,4.43,2.38,3.30,2.88,1.35,2.15,3.78,7.70,1.85,1.91,Estadio Los Chankas (Andahuaylas)
1713645000,Apr 20 2024 - 8:30pm,complete,N/A,Carlos Manucci,UTC Cajamarca,Robin Segura,12,1.00,0.40,1.24,0.35,2,0,2,1,1,0,"45,77","",6,2,1,0,1,0,0,1,0,1,10,11,6,1,4,10,10,9,52,48,1.16,1.25,1.59,1.10,2.77,47,92,52,34,0,35,64,64,90,8.93,6.10,2.10,3.30,3.20,1.32,2.05,3.52,7.04,1.81,1.95,Estadio Mansiche (Trujillo)
1713645000,Apr 20 2024 - 8:30pm,complete,N/A,ADT,César Vallejo,Michael Espinoza,12,2.20,0.33,2.12,0.24,1,0,1,1,1,0,"33","",7,5,1,0,2,0,0,1,1,1,11,3,5,0,6,3,10,8,51,49,1.96,0.88,1.47,0.47,2.92,55,100,55,37,0,35,64,74,92,10.37,3.90,2.00,3.25,3.75,1.32,2.08,3.60,7.24,1.85,1.91,Estadio Municipal Unión de Tarma (Tarma)
1713715200,Apr 21 2024 - 4:00pm,complete,N/A,Sporting Cristal,Real Garcilaso,Sebastián Lozano,12,2.40,1.17,2.71,1.24,2,0,2,1,1,0,"15,79","",3,4,3,0,2,0,0,3,1,1,8,10,4,4,4,6,13,5,40,60,1.68,0.89,1.15,1.18,3.44,47,74,65,47,29,55,80,39,84,9.20,6.07,1.34,4.12,6.68,1.19,1.65,2.54,4.54,1.85,1.91,Estadio Alberto Gallardo (Lima)
1713727800,Apr 21 2024 - 7:30pm,complete,N/A,Atlético Grau,Melgar,Daniel Ureta,12,1.67,1.00,1.76,1.53,1,2,3,1,0,1,"66","45'1,72",2,6,1,0,1,0,0,1,0,1,12,7,4,4,8,3,15,8,57,43,1.30,1.23,1.43,0.98,2.40,55,74,47,29,10,29,47,55,82,14.07,3.63,2.48,3.00,2.48,1.40,2.20,4.20,8.50,1.85,1.91,Estadio Municipal de Bernal (Humay)
1713902400,Apr 23 2024 - 8:00pm,complete,N/A,Comerciantes Unidos,Alianza Atlético,Alejandro Villanueva Ponce,12,1.60,0.33,1.41,0.88,0,0,0,0,0,0,"","",4,1,5,0,2,0,2,3,0,2,7,6,1,2,6,4,13,17,59,41,1.10,0.63,0.72,0.72,2.34,39,55,39,39,20,37,65,30,64,6.40,7.50,1.98,3.15,3.15,1.40,2.10,4.00,8.00,1.85,1.91,Estadio Juan Maldonado Gamarra (Cutervo)
1714161600,Apr 26 2024 - 8:00pm,complete,N/A,Sport Huancayo,Carlos Manucci,Edwin Ordóñez,13,1.67,0.40,1.47,0.59,1,0,1,1,1,0,"25","",2,4,1,0,3,0,0,1,1,2,15,4,3,2,12,2,10,11,63,37,1.59,0.88,1.50,0.55,3.04,37,92,65,47,0,9,44,75,100,6.57,7.00,1.40,4.50,7.00,1.18,1.67,2.60,4.65,1.89,1.81,Estadio Huancayo (Huancayo)
1714240800,Apr 27 2024 - 6:00pm,complete,N/A,Sport Boys,Unión Comercio,Sebastián Lozano,13,1.67,0.17,1.53,0.18,0,0,0,0,0,0,"","",18,3,2,1,4,0,1,2,2,2,14,11,6,4,8,7,15,16,66,34,1.13,0.83,1.65,1.14,2.33,42,75,50,17,0,42,67,25,75,8.00,6.67,1.62,3.60,6.00,1.26,1.90,3.04,5.70,1.85,1.85,Estadio Miguel Grau del Callao (Callao)
1714248000,Apr 27 2024 - 8:00pm,complete,N/A,UTC Cajamarca,Atlético Grau,Fernando Legario,13,1.67,0.80,1.47,1.24,3,2,5,1,1,0,"20,54,90'2","68,79",3,5,2,0,4,0,1,1,1,3,10,6,5,3,5,3,10,14,37,63,1.33,0.99,1.24,0.91,2.15,27,54,35,27,9,17,62,29,74,7.60,4.20,1.88,3.13,3.48,1.32,2.08,3.56,6.85,1.87,1.83,Estadio Municipal Germán Contreras Jara (Cajabamba)
1714257000,Apr 27 2024 - 10:30pm,complete,N/A,Real Garcilaso,Cienciano,Roberto Pérez Gutierrez,13,2.60,1.60,2.29,1.29,2,0,2,1,1,0,"40,88","",0,5,2,0,1,1,0,2,0,2,13,7,5,1,8,6,6,8,55,45,1.31,1.00,1.39,0.79,2.30,60,80,30,10,10,30,60,40,80,10.80,6.20,2.25,3.05,2.72,1.33,2.10,3.56,6.95,1.82,1.88,Estadio Inca Garcilaso de la Vega (Cusco)
1714332600,Apr 28 2024 - 7:30pm,complete,N/A,Alianza Atlético,ADT,N/A,13,2.00,0.67,1.71,0.88,1,2,3,1,0,1,"84","45'3,64",6,3,4,1,2,0,2,3,1,1,14,9,5,4,9,5,14,12,49,51,0.87,1.13,1.59,1.12,3.19,44,100,44,34,17,35,64,62,90,7.23,4.87,2.30,2.99,2.70,1.30,1.85,3.24,6.28,1.72,2.00,Estadio Campeones del '36 (Sullana)
1714343400,Apr 28 2024 - 10:30pm,complete,N/A,Melgar,Alianza Lima,Kevin Ortega,13,2.50,1.80,2.59,1.82,1,0,1,0,0,0,"64","",5,5,2,0,1,0,0,2,0,1,9,12,6,3,3,9,8,7,53,47,1.87,1.20,1.31,1.22,2.92,45,92,55,37,9,35,64,65,92,11.13,6.13,1.94,3.15,3.24,1.27,1.80,3.07,5.87,1.71,2.02,Estadio de la Universidad Nacional San Agustín (Arequipa)
1714352400,Apr 29 2024 - 1:00am,complete,N/A,Universitario,Comerciantes Unidos,Daniel Ureta,13,3.00,1.50,3.00,0.65,6,0,6,4,4,0,"4,8,21,23,84,90'3","",5,3,2,0,3,0,0,2,2,1,17,6,13,2,4,4,14,17,66,34,1.42,0.96,2.36,0.67,2.62,42,62,42,34,17,34,70,27,82,7.67,5.70,1.17,7.00,12.00,1.13,1.53,2.25,3.50,2.38,1.53,Estadio Monumental (Lima)
1714352400,Apr 29 2024 - 1:00am,complete,N/A,Deportivo Garcilaso,Los Chankas,Julio César Quiróz,13,0.80,0.00,1.41,0.41,1,1,2,1,0,1,"79","21",6,3,4,0,7,0,2,2,2,5,12,6,3,4,9,2,8,17,61,39,1.99,0.93,1.33,0.80,3.40,60,100,70,40,30,50,80,70,100,11.60,5.00,1.57,4.00,5.25,1.29,1.90,3.20,5.65,1.87,1.83,Estadio Inca Garcilaso de la Vega (Cusco)
1714438800,Apr 30 2024 - 1:00am,complete,N/A,César Vallejo,Sporting Cristal,Jesús Cartagena,13,1.80,2.67,1.53,1.65,2,1,3,3,2,1,"20,44","3",6,14,3,0,1,0,1,2,0,1,11,11,6,5,5,6,10,10,36,64,1.37,1.09,1.30,1.55,3.42,82,90,80,64,19,72,90,27,90,9.93,5.70,3.75,3.50,1.95,1.30,1.85,3.25,6.50,1.75,2.10,Estadio Mansiche (Trujillo)
1714766400,May 03 2024 - 8:00pm,complete,N/A,ADT,Universitario,Edwin Ordóñez,14,2.33,2.14,2.12,1.53,2,0,2,1,1,0,"40,90'3","",2,7,2,0,1,0,1,1,1,0,10,10,4,2,6,8,14,10,60,40,1.88,1.31,1.22,1.05,2.41,47,70,54,31,0,23,62,62,70,9.19,3.47,2.88,3.07,2.14,1.30,1.89,3.65,7.50,1.76,2.00,Estadio Municipal Unión de Tarma (Tarma)
1714777200,May 03 2024 - 11:00pm,complete,N/A,Cienciano,César Vallejo,Sebastián Lozano,14,1.71,0.29,1.76,0.24,1,1,2,2,1,1,"45","12",10,1,3,0,3,0,0,3,1,2,17,11,9,4,8,7,9,13,63,37,1.43,0.82,2.25,1.10,2.79,57,86,50,36,7,36,79,57,71,8.72,5.29,1.57,3.46,4.68,1.29,1.85,3.55,6.75,1.90,1.86,Estadio Inca Garcilaso de la Vega (Cusco)
1714786200,May 04 2024 - 1:30am,complete,N/A,Alianza Lima,UTC Cajamarca,Jonathan Zamora,14,2.14,0.33,2.24,0.35,1,0,1,0,0,0,"81","",10,0,1,0,2,0,0,1,0,2,11,2,4,1,7,1,9,17,71,29,1.73,1.23,1.56,0.26,2.59,47,93,44,7,7,30,77,54,85,11.88,4.90,1.22,4.65,9.67,1.22,1.69,2.88,5.80,2.25,1.61,Estadio Alejandro Villanueva (Lima)
1714845600,May 04 2024 - 6:00pm,complete,N/A,Los Chankas,Real Garcilaso,Jesús Cartagena,14,1.86,1.00,1.88,1.24,2,0,2,2,2,0,"3,45'2","",10,4,3,0,2,0,3,0,2,0,13,5,6,1,7,4,13,8,41,59,1.49,0.93,1.58,0.57,2.79,36,79,50,29,14,29,93,43,79,8.43,5.29,2.08,3.45,3.25,1.38,2.10,4.00,8.00,1.87,1.89,Estadio Los Chankas (Andahuaylas)
1714854600,May 04 2024 - 8:30pm,complete,N/A,Comerciantes Unidos,Unión Comercio,Diego Mirko Haro Sueldo,14,1.50,0.29,1.41,0.18,3,1,4,1,1,0,"40,63,81","90'12",3,6,2,0,3,1,1,1,2,2,12,7,5,3,7,4,12,8,60,40,1.04,0.87,1.33,0.89,2.25,47,54,47,32,17,31,62,40,61,7.04,6.62,1.70,3.80,4.50,1.26,1.73,3.00,5.50,1.77,2.00,Estadio Juan Maldonado Gamarra (Cutervo)
1714854600,May 04 2024 - 8:30pm,complete,N/A,Carlos Manucci,Deportivo Garcilaso,Pablo López,14,1.29,1.00,1.24,0.76,1,1,2,1,1,0,"23","51",5,9,1,0,4,0,1,0,2,2,8,9,2,4,6,5,12,11,55,45,1.22,1.12,0.97,1.19,2.79,22,79,57,43,0,36,64,57,93,8.28,7.43,2.15,3.40,3.20,1.32,1.96,3.40,6.50,1.75,2.05,Estadio Mansiche (Trujillo)
1714924800,May 05 2024 - 4:00pm,complete,N/A,Sporting Cristal,Alianza Atlético,Daniel Ureta,14,2.50,0.43,2.71,0.88,2,1,3,3,2,1,"10,14","26",6,4,0,0,5,0,0,0,0,5,9,11,7,3,2,8,6,17,52,48,1.59,0.64,1.39,1.10,2.63,32,63,41,32,17,40,55,25,79,7.53,6.64,1.10,9.00,16.00,1.09,1.36,1.95,3.30,2.45,1.53,Estadio Alberto Gallardo (Lima)
1714939200,May 05 2024 - 8:00pm,complete,N/A,Melgar,Sport Boys,Roberto Pérez Gutierrez,14,2.57,0.17,2.59,0.53,2,1,3,1,1,0,"37,79","73",6,1,0,1,4,0,1,0,2,2,15,9,7,3,8,6,10,16,40,60,1.79,0.92,1.65,0.92,2.29,30,61,38,23,16,22,54,38,85,9.97,6.14,1.20,6.00,13.00,1.20,1.67,2.70,5.30,2.40,1.54,Estadio de la Universidad Nacional San Agustín (Arequipa)
1715023800,May 06 2024 - 7:30pm,complete,N/A,Atlético Grau,Sport Huancayo,Augusto Menéndez,14,1.43,0.67,1.76,0.76,0,0,0,0,0,0,"","",10,1,5,0,3,0,0,5,2,1,8,5,5,1,3,4,16,6,70,30,1.32,0.92,1.32,0.48,2.82,45,86,47,32,17,24,55,62,93,11.21,3.69,1.50,3.77,5.95,1.30,1.97,3.40,6.50,1.86,1.90,Estadio Campeones del '36 (Sullana)
1715369400,May 10 2024 - 7:30pm,complete,N/A,Unión Comercio,ADT,Daniel Ureta,15,0.83,1.00,0.82,0.88,2,2,4,1,1,0,"35,89","55,71",8,5,1,0,4,0,0,1,1,3,6,9,3,6,3,3,10,11,42,58,1.03,1.13,1.01,1.45,3.75,69,100,77,62,15,47,69,93,100,8.40,5.24,2.71,3.32,2.51,1.26,1.89,3.04,5.70,1.68,2.13,Estadio Municipal Carlos Vidaurre García (Tarapoto)
1715457600,May 11 2024 - 8:00pm,complete,N/A,Sport Boys,Comerciantes Unidos,Michael Espinoza,15,1.57,1.29,1.53,0.65,1,1,2,1,1,0,"22","77",4,2,2,1,3,0,1,2,0,3,8,8,3,5,5,3,5,11,35,65,1.21,0.92,0.94,1.10,3.07,50,79,65,43,22,57,79,29,72,9.85,7.00,1.70,3.75,4.65,1.27,1.91,3.14,5.90,1.84,1.86,Estadio Miguel Grau del Callao (Callao)
1715459400,May 11 2024 - 8:30pm,complete,N/A,Real Garcilaso,Carlos Manucci,Jonathan Zamora,15,2.67,0.33,2.29,0.59,3,0,3,1,1,0,"5,64,84","",7,4,0,0,1,0,0,0,1,0,18,8,7,2,11,6,9,10,55,45,1.32,0.83,1.97,0.86,2.59,33,75,42,34,9,17,42,50,83,6.66,7.50,1.41,4.17,6.30,1.22,1.72,2.79,5.05,1.94,1.77,Estadio Inca Garcilaso de la Vega (Cusco)
1715470200,May 11 2024 - 11:30pm,complete,N/A,Sport Huancayo,Alianza Lima,Micke Palomino,15,1.86,1.50,1.47,1.82,0,2,2,0,0,0,"","70,80",4,2,1,0,2,1,0,1,0,3,5,7,4,5,1,2,10,24,54,46,1.58,1.20,0.90,0.92,2.55,31,77,47,31,0,16,61,55,93,9.54,4.36,2.40,3.16,2.97,1.33,2.11,3.56,7.00,1.83,1.93,Estadio Huancayo (Huancayo)
1715479200,May 12 2024 - 2:00am,complete,N/A,César Vallejo,Los Chankas,Edwin Ordóñez,15,2.00,0.17,1.53,0.41,1,1,2,2,1,1,"17","34",8,9,2,0,2,0,2,0,1,1,15,8,10,3,5,5,9,10,61,39,1.35,0.91,2.00,0.99,3.17,75,92,67,42,25,59,92,34,84,10.67,6.17,1.58,4.00,5.20,1.24,1.75,2.90,5.50,1.75,2.05,Estadio Mansiche (Trujillo)
1715536800,May 12 2024 - 6:00pm,complete,N/A,UTC Cajamarca,Melgar,Diego Mirko Haro Sueldo,15,1.86,1.33,1.47,1.53,2,6,8,2,0,2,"52,75","6,31,57,78,87,90'3",6,5,1,0,3,0,1,0,2,1,6,13,3,8,3,5,4,10,56,44,1.32,1.19,0.98,1.57,2.85,55,77,62,38,23,31,77,48,77,10.21,4.50,3.74,3.36,1.98,1.30,2.00,3.34,6.35,1.80,1.93,Estadio Municipal Germán Contreras Jara (Cajabamba)
1715545800,May 12 2024 - 8:30pm,complete,N/A,Deportivo Garcilaso,Atlético Grau,Kevin Ortega,15,0.83,0.67,1.41,1.24,0,0,0,0,0,0,"","",7,4,1,0,2,0,0,1,2,0,18,10,7,3,11,7,9,12,52,48,1.88,0.98,2.09,1.16,2.67,50,75,42,33,17,17,59,59,92,10.00,5.50,1.65,3.25,4.50,1.29,1.85,3.00,5.50,1.83,1.89,Estadio Inca Garcilaso de la Vega (Cusco)
1715556600,May 12 2024 - 11:30pm,complete,N/A,Universitario,Sporting Cristal,Roberto Pérez Gutierrez,15,3.00,2.29,3.00,1.65,4,1,5,2,1,1,"33,67,70,81","20",7,5,1,0,1,0,0,1,0,1,14,7,9,4,5,3,7,8,55,45,1.58,1.16,1.83,1.01,2.94,43,75,59,37,16,52,75,31,85,9.86,4.46,1.95,3.25,3.50,1.30,2.00,3.34,6.35,1.67,2.00,Estadio Monumental (Lima)
1715628600,May 13 2024 - 7:30pm,complete,N/A,Alianza Atlético,Cienciano,Jordi Estanley Espinoza Valles,15,1.67,1.33,1.71,1.29,0,1,1,0,0,0,"","81",5,2,2,0,6,0,0,2,2,4,15,5,3,2,12,3,20,8,56,44,0.99,0.97,1.55,0.66,2.33,50,100,33,0,0,17,75,50,83,8.00,6.00,2.10,3.20,3.60,1.33,2.05,3.60,7.00,1.80,1.98,Estadio Campeones del '36 (Sullana)
1715974200,May 17 2024 - 7:30pm,complete,N/A,Atlético Grau,Real Garcilaso,Micke Palomino,16,1.38,0.88,1.76,1.24,4,0,4,3,3,0,"6,15,45'3,84","",4,0,2,0,1,0,1,1,0,1,17,10,12,2,5,8,11,11,41,59,1.32,0.88,2.41,1.09,2.19,38,69,38,19,7,32,69,32,69,11.25,4.63,1.82,3.38,4.29,1.32,2.06,3.48,6.80,1.90,1.80,Estadio Municipal de Bernal (Humay)
1716062400,May 18 2024 - 8:00pm,complete,N/A,Sporting Cristal,Unión Comercio,Joel Alarcón,16,2.57,0.25,2.71,0.18,5,1,6,5,4,1,"13,27,34,39,90'2","14",8,3,0,0,2,0,0,0,1,1,23,9,8,3,15,6,4,14,57,43,1.56,0.88,2.42,0.85,2.98,54,75,61,34,15,41,67,41,81,8.84,5.64,1.17,6.50,11.00,1.09,1.33,1.85,2.90,1.91,1.80,Estadio Alberto Gallardo (Lima)
1716073200,May 18 2024 - 11:00pm,complete,N/A,Melgar,Sport Huancayo,Fernando Legario,16,2.63,0.71,2.59,0.76,4,1,5,2,2,0,"20,39,81,90'4","53",7,2,2,0,3,0,1,1,1,2,16,9,3,1,13,8,12,5,52,48,1.77,0.85,1.65,0.86,2.82,40,81,47,34,21,34,60,54,87,9.27,5.86,1.29,4.70,8.05,1.21,1.70,2.71,4.90,2.14,1.67,Estadio de la Universidad Nacional San Agustín (Arequipa)
1716141600,May 19 2024 - 6:00pm,complete,N/A,ADT,Comerciantes Unidos,Jonathan Zamora,16,2.43,1.25,2.12,0.65,2,0,2,1,1,0,"7,68","",9,3,1,0,1,0,1,0,0,1,18,8,5,2,13,6,11,6,54,46,1.79,0.94,1.86,0.91,3.23,59,87,59,46,19,39,86,48,87,8.34,4.81,1.43,3.85,5.57,1.17,1.65,2.50,4.40,1.74,2.04,Estadio Municipal Unión de Tarma (Tarma)
1716150600,May 19 2024 - 8:30pm,complete,N/A,Los Chankas,Alianza Atlético,Sebastián Lozano,16,2.00,0.38,1.88,0.88,2,0,2,0,0,0,"81,90'3","",6,7,2,0,2,0,1,1,2,0,8,9,3,3,5,6,9,14,64,36,1.50,0.70,1.03,0.99,2.26,32,69,38,19,7,32,69,32,63,8.01,6.25,1.64,3.40,4.82,1.29,1.88,3.00,5.50,1.80,1.91,Estadio Los Chankas (Andahuaylas)
1716159600,May 19 2024 - 11:00pm,complete,N/A,Carlos Manucci,César Vallejo,Michael Espinoza,16,1.25,0.38,1.24,0.24,0,0,0,0,0,0,"","",8,6,1,0,3,0,0,1,1,2,7,5,2,2,5,3,10,8,32,68,1.19,0.86,0.92,0.80,2.75,44,88,51,38,0,44,75,50,82,8.51,5.38,2.69,3.28,2.55,1.32,2.08,3.56,6.90,1.81,1.89,Estadio Mansiche (Trujillo)
1716166800,May 20 2024 - 1:00am,complete,N/A,Alianza Lima,Deportivo Garcilaso,Roberto Pérez Gutierrez,16,2.25,1.00,2.24,0.76,3,2,5,3,1,2,"6,51,69","14,36",11,0,4,1,1,1,2,3,1,1,17,10,9,4,8,6,14,13,64,36,1.71,1.13,2.16,1.02,2.57,32,75,51,19,7,32,69,50,88,12.38,6.63,1.28,4.80,8.50,1.22,1.73,2.79,5.05,2.20,1.62,Estadio Alejandro Villanueva (Lima)
1716235200,May 20 2024 - 8:00pm,complete,N/A,UTC Cajamarca,Sport Boys,Hilbert Villegas,16,1.63,0.14,1.47,0.53,2,4,6,2,0,2,"64,79","9,45'4,78,81",10,0,0,0,3,0,0,0,1,2,15,11,6,6,9,5,13,18,55,45,1.28,0.92,1.88,1.27,2.82,40,66,53,32,26,19,73,41,81,8.31,5.02,1.59,3.66,5.73,1.34,2.01,3.65,7.20,2.09,1.66,Estadio Municipal Germán Contreras Jara (Cajabamba)
1716253200,May 21 2024 - 1:00am,complete,N/A,Cienciano,Universitario,Kevin Ortega,16,1.63,1.88,1.76,1.53,0,0,0,0,0,0,"","",5,3,3,0,3,0,1,2,2,1,12,18,3,4,9,14,14,8,58,42,1.53,1.27,1.21,1.75,2.51,57,76,50,32,7,32,76,50,63,8.51,4.88,2.63,3.25,2.55,1.38,2.10,4.00,8.00,1.83,1.83,Estadio Inca Garcilaso de la Vega (Cusco)
1716591600,May 24 2024 - 11:00pm,complete,N/A,Real Garcilaso,Alianza Lima,Daniel Ureta,17,2.71,1.71,2.29,1.82,3,0,3,1,1,0,"2,73,87","",4,10,4,0,1,0,3,1,1,0,3,6,1,2,2,4,16,9,51,49,1.41,1.16,0.40,0.78,2.43,29,79,36,22,7,22,50,50,93,9.57,5.00,2.60,3.10,2.60,1.40,2.13,4.20,8.50,1.90,1.88,Estadio Inca Garcilaso de la Vega (Cusco)
1716600600,May 25 2024 - 1:30am,complete,N/A,César Vallejo,Atlético Grau,Jonathan Zamora,17,1.86,0.71,1.53,1.24,2,1,3,1,0,1,"53,73","36",6,5,2,0,1,0,1,1,0,1,15,13,4,4,11,9,13,7,53,47,1.45,1.01,1.58,1.45,2.43,58,65,43,36,14,36,65,29,64,9.85,5.43,1.95,3.20,4.00,1.36,2.05,3.75,7.50,1.83,1.83,Estadio Mansiche (Trujillo)
1716652800,May 25 2024 - 4:00pm,complete,N/A,Sport Huancayo,UTC Cajamarca,Edwin Ordóñez,17,1.63,0.29,1.47,0.35,1,1,2,0,0,0,"90'1","80",10,4,2,0,2,0,0,2,1,1,13,10,5,4,8,6,8,17,57,43,1.49,1.09,1.59,1.13,2.19,34,81,26,13,0,14,60,47,87,8.20,4.04,1.62,4.00,5.00,1.27,1.90,3.18,6.00,1.87,1.83,Estadio Huancayo (Huancayo)
1716667200,May 25 2024 - 8:00pm,complete,N/A,Deportivo Garcilaso,Melgar,N/A,17,0.86,1.57,1.41,1.53,1,3,4,0,0,0,"85","78,80,88",5,4,3,0,1,0,2,1,1,0,12,14,7,10,5,4,11,7,40,60,1.91,1.24,1.49,1.87,3.07,64,86,57,36,22,36,64,64,86,12.43,5.28,3.50,3.20,2.10,1.25,1.95,3.40,5.30,1.62,2.10,Estadio Inca Garcilaso de la Vega (Cusco)
1716667200,May 25 2024 - 8:00pm,complete,N/A,Comerciantes Unidos,Sporting Cristal,Diego Mirko Haro Sueldo,17,1.71,2.00,1.41,1.65,0,1,1,1,0,1,"","34",4,6,4,0,3,0,1,3,2,1,12,20,1,3,11,17,17,11,52,48,1.08,1.14,1.00,1.75,3.30,73,79,79,60,27,59,86,48,73,9.02,5.27,6.50,4.50,1.45,1.18,1.67,2.54,4.50,1.83,1.83,Estadio Juan Maldonado Gamarra (Cutervo)
1716667200,May 25 2024 - 8:00pm,complete,N/A,Universitario,Los Chankas,Jesús Cartagena,17,3.00,0.29,3.00,0.41,4,0,4,2,2,0,"11,21,56,68","",9,2,1,1,1,0,0,2,0,1,17,9,7,2,10,7,11,11,47,53,1.62,0.92,2.01,0.95,2.86,43,79,43,29,29,43,79,43,86,10.15,4.86,1.10,8.00,21.00,1.11,1.36,1.95,3.25,2.25,1.57,Estadio Monumental (Lima)
1716751800,May 26 2024 - 7:30pm,complete,N/A,Alianza Atlético,Carlos Manucci,Alejandro Villanueva Ponce,17,1.43,0.29,1.71,0.59,0,0,0,0,0,0,"","",6,1,2,0,4,0,0,2,1,3,24,8,5,1,19,7,8,17,60,40,1.07,0.83,2.33,0.91,2.57,29,86,50,22,0,7,50,65,86,5.43,6.85,1.62,3.70,5.50,1.28,1.95,3.28,6.15,1.90,1.80,Estadio Campeones del '36 (Sullana)
1716753600,May 26 2024 - 8:00pm,complete,N/A,Sport Boys,ADT,Kevin Ortega,17,1.50,1.00,1.53,0.88,1,0,1,0,0,0,"72","",2,2,2,0,4,0,2,0,2,2,14,7,6,1,8,6,15,10,49,51,1.17,1.17,0.00,0.00,3.00,57,88,57,38,13,38,69,51,82,11.38,6.38,2.45,3.20,2.80,1.33,2.15,3.70,6.00,1.85,1.85,Estadio Miguel Grau del Callao (Callao)
1716838200,May 27 2024 - 7:30pm,complete,N/A,Unión Comercio,Cienciano,Fernando Legario,17,0.86,1.57,0.82,1.29,1,1,2,1,1,0,"12","90'5",7,3,1,0,2,0,0,1,0,2,16,8,3,3,13,5,15,8,41,59,1.03,0.92,1.50,0.96,2.86,64,93,58,36,0,29,71,72,93,9.00,6.00,2.35,3.20,3.10,1.30,1.90,3.30,6.50,1.67,2.10,Estadio Municipal Carlos Vidaurre García (Tarapoto)
1720807200,Jul 12 2024 - 6:00pm,complete,N/A,Unión Comercio,Los Chankas,Jesús Cartagena,1,0.88,0.25,0.82,0.41,1,2,3,2,1,1,"45'3","35,90'8",5,6,2,0,2,0,1,1,0,2,8,4,3,4,5,0,3,8,60,40,1.09,0.92,1.00,0.71,3.32,69,100,69,51,13,51,88,69,94,9.25,4.88,1.91,3.20,3.65,1.30,1.81,3.30,6.50,1.73,2.05,Estadio Municipal Carlos Vidaurre García (Tarapoto)
1720815300,Jul 12 2024 - 8:15pm,complete,N/A,ADT,Sporting Cristal,Roberto Pérez Gutierrez,1,2.50,2.11,2.12,1.65,3,1,4,2,1,1,"9,48,77","25",5,2,1,0,3,0,0,1,1,2,15,11,8,5,7,6,11,14,54,46,1.80,1.21,1.94,1.32,3.03,58,89,64,41,11,46,88,42,83,11.13,3.60,2.44,3.12,2.44,1.25,1.75,2.90,5.50,1.62,2.25,Estadio Municipal Unión de Tarma (Tarma)
1720828800,Jul 13 2024 - 12:00am,complete,N/A,Deportivo Garcilaso,UTC Cajamarca,Sebastián Lozano,1,0.75,0.38,1.41,0.35,1,0,1,0,0,0,"77","",15,5,2,0,3,0,1,1,1,2,16,10,5,5,11,5,11,13,62,38,1.86,1.09,1.79,1.21,2.38,57,88,32,19,7,19,50,57,88,10.38,5.00,1.60,3.75,4.57,1.28,1.78,3.20,6.00,1.73,2.00,Estadio Inca Garcilaso de la Vega (Cusco)
1720893600,Jul 13 2024 - 6:00pm,complete,N/A,Comerciantes Unidos,Cienciano,Jonathan Zamora,1,1.50,1.50,1.41,1.29,1,2,3,3,1,2,"20","25,36",9,6,3,0,1,0,1,2,1,0,13,9,3,4,10,5,19,15,54,46,1.07,0.93,1.39,1.17,2.32,57,69,38,25,13,19,75,44,69,8.51,6.63,2.88,3.25,2.38,1.33,2.00,3.60,7.00,1.80,2.00,Estadio Municipal Germán Contreras Jara (Cajabamba)
1720902600,Jul 13 2024 - 8:30pm,complete,N/A,César Vallejo,Alianza Lima,Edwin Ordóñez,1,2.00,1.50,1.53,1.82,2,3,5,3,2,1,"24,34","2,61,90'2",3,2,2,0,1,0,0,2,0,1,4,14,2,6,2,8,14,17,51,49,1.46,1.11,0.61,1.59,2.76,57,88,57,32,7,38,69,50,82,11.76,5.26,3.60,3.15,2.08,1.45,2.35,4.50,9.50,2.00,1.78,Estadio Mansiche (Trujillo)
1720911600,Jul 13 2024 - 11:00pm,complete,N/A,Universitario,Carlos Manucci,Daniel Ureta,1,3.00,0.38,3.00,0.59,6,0,6,2,2,0,"16,29,56,80,89,90'3","",5,3,0,0,2,0,0,0,1,1,20,5,10,2,10,3,12,8,63,37,1.67,0.84,2.57,0.64,2.69,19,69,51,38,13,19,51,63,82,7.75,6.26,1.11,8.00,20.00,1.18,1.58,2.55,4.50,2.80,1.41,Estadio Monumental (Lima)
1720980000,Jul 14 2024 - 6:00pm,complete,N/A,Alianza Atlético,Atlético Grau,Diego Mirko Haro Sueldo,1,1.38,0.63,1.71,1.24,0,0,0,0,0,0,"","",3,3,2,1,1,1,1,2,1,1,8,4,3,4,5,0,13,14,57,43,1.23,1.06,0.98,0.75,2.01,32,63,32,13,7,7,50,44,75,7.01,4.88,2.30,3.10,2.90,1.42,2.25,4.00,8.50,1.96,1.80,Estadio Campeones del '36 (Sullana)
1720987200,Jul 14 2024 - 8:00pm,complete,N/A,Sport Boys,Sport Huancayo,Micke Palomino,1,1.67,0.63,1.53,0.76,2,1,3,0,0,0,"63,83","90'5",10,5,2,0,3,0,2,0,1,2,25,4,9,1,16,3,12,17,56,44,1.17,0.85,2.50,0.47,2.57,36,78,42,31,19,36,60,37,78,9.22,6.32,1.83,3.10,4.20,1.36,2.10,3.60,7.00,1.94,1.82,Estadio Miguel Grau del Callao (Callao)
1720988100,Jul 14 2024 - 8:15pm,complete,N/A,Real Garcilaso,Melgar,Michael Espinoza,1,2.75,1.75,2.29,1.53,0,3,3,2,0,2,"","17,40,75",3,2,1,0,1,0,1,0,0,1,6,12,2,7,4,5,7,17,64,36,1.29,1.32,0.75,1.40,3.01,50,82,57,32,19,32,63,57,88,10.25,5.01,3.00,3.20,2.20,1.30,2.00,3.40,6.50,1.80,1.96,Estadio Inca Garcilaso de la Vega (Cusco)
1721412000,Jul 19 2024 - 6:00pm,complete,N/A,UTC Cajamarca,Real Garcilaso,Alejandro Villanueva Ponce,2,1.44,0.78,1.47,1.24,2,1,3,1,1,0,"17,89","83",5,7,3,0,2,0,1,2,1,1,11,13,5,5,6,8,18,6,32,68,1.34,0.91,1.32,1.44,3.23,39,78,56,45,28,50,95,28,73,8.33,4.67,2.25,3.00,2.90,1.40,2.10,4.00,8.00,1.88,1.90,Estadio Municipal Germán Contreras Jara (Cajabamba)
1721420100,Jul 19 2024 - 8:15pm,complete,N/A,Sport Huancayo,Deportivo Garcilaso,N/A,2,1.56,0.89,1.47,0.76,1,0,1,0,0,0,"73","",1,6,1,0,4,1,0,1,2,3,10,10,7,5,3,5,18,18,60,40,1.50,1.11,1.39,1.27,2.50,33,78,39,28,6,22,62,56,89,9.11,5.89,1.91,3.25,3.40,1.27,1.85,3.14,5.95,1.75,1.96,Estadio Huancayo (Huancayo)
1721498400,Jul 20 2024 - 6:00pm,complete,N/A,Los Chankas,Comerciantes Unidos,Fernando Legario,2,2.11,1.11,1.88,0.65,2,0,2,0,0,0,"64,90'6","",6,3,2,0,6,0,1,1,2,4,12,9,5,3,7,6,9,17,62,38,1.45,0.94,1.55,1.13,3.23,50,89,56,39,22,39,89,50,84,8.56,5.11,1.55,4.00,5.70,1.24,1.72,2.80,5.00,1.78,2.00,Estadio Los Chankas (Andahuaylas)
1721506500,Jul 20 2024 - 8:15pm,complete,N/A,Melgar,César Vallejo,Daniel Ureta,2,2.67,0.44,2.59,0.24,5,2,7,3,2,1,"3,44,68,78,85","6,90'2",7,5,0,0,2,0,0,0,2,0,17,6,10,3,7,3,7,10,54,46,1.76,0.85,1.98,0.78,2.56,50,78,45,28,11,44,67,50,73,10.33,5.45,1.29,4.78,7.85,1.22,1.68,2.90,5.50,2.00,1.78,Estadio de la Universidad Nacional San Agustín (Arequipa)
1721520000,Jul 21 2024 - 12:00am,complete,N/A,Alianza Lima,Alianza Atlético,Sebastián Lozano,2,2.33,0.33,2.24,0.88,2,0,2,1,1,0,"38,84","",4,5,3,0,1,0,0,3,0,1,8,4,2,2,6,2,13,15,60,40,1.76,0.73,0.93,0.60,2.34,33,67,45,17,11,39,61,34,73,11.00,6.67,1.18,5.78,12.30,1.20,1.69,2.62,4.75,2.40,1.50,Estadio Alejandro Villanueva (Lima)
1721584800,Jul 21 2024 - 6:00pm,complete,N/A,Atlético Grau,Universitario,Micke Palomino,2,1.56,1.78,1.76,1.53,1,1,2,2,1,1,"44","37",4,3,1,0,1,1,0,1,0,2,12,13,6,6,6,7,16,10,51,49,1.44,1.33,1.72,1.64,2.00,39,62,44,22,0,22,50,44,67,10.89,3.55,3.20,3.33,2.01,1.40,2.12,4.33,8.50,1.91,1.80,Estadio Campeones del '36 (Sullana)
1721592000,Jul 21 2024 - 8:00pm,complete,N/A,Carlos Manucci,Unión Comercio,Roberto Pérez Gutierrez,2,1.22,0.22,1.24,0.18,0,0,0,0,0,0,"","",7,5,2,0,4,0,1,1,1,3,12,7,1,2,11,5,13,10,54,46,1.16,0.87,1.11,0.84,2.67,45,73,56,39,6,33,67,39,84,8.11,6.00,1.78,3.43,3.90,1.30,1.82,3.25,6.50,1.78,2.00,N/A
1721592900,Jul 21 2024 - 8:15pm,complete,N/A,Sporting Cristal,Sport Boys,N/A,2,2.63,0.50,2.71,0.53,4,0,4,1,1,0,"30,76,89,90'1","",5,3,3,0,2,0,1,2,1,1,12,9,7,0,5,9,18,15,48,52,1.67,0.96,1.53,0.91,3.32,51,76,63,38,32,38,69,44,88,9.00,5.01,1.28,4.87,7.90,1.20,1.59,2.70,4.75,2.05,1.75,Estadio Alberto Gallardo (Lima)
1721602800,Jul 21 2024 - 11:00pm,complete,N/A,Cienciano,ADT,Joel Alarcón,2,1.56,0.89,1.76,0.88,0,1,1,0,0,0,"","69",4,3,2,0,3,0,0,2,2,1,5,11,0,4,5,7,13,9,54,46,1.50,1.17,0.55,1.30,3.12,67,84,56,45,17,33,73,61,78,9.44,5.78,2.13,3.20,3.05,1.30,1.89,3.30,6.50,1.72,2.10,Estadio Inca Garcilaso de la Vega (Cusco)
1721930400,Jul 25 2024 - 6:00pm,complete,N/A,Alianza Atlético,Melgar,Roberto Pérez Gutierrez,3,1.33,1.89,1.71,1.53,3,1,4,1,1,0,"14,77,90'3","49",3,6,2,0,1,0,2,0,0,1,8,7,4,1,4,6,16,8,44,56,1.20,1.33,1.03,0.87,2.62,45,78,50,22,11,28,56,50,78,8.45,5.00,3.79,3.19,1.91,1.38,2.21,3.90,8.40,2.00,1.78,Estadio Campeones del '36 (Sullana)
1721938500,Jul 25 2024 - 8:15pm,complete,N/A,Real Garcilaso,Sport Huancayo,Julio César Quiróz,3,2.44,0.56,2.29,0.76,3,0,3,1,1,0,"21,55,90'5","",1,4,3,0,1,0,1,2,1,0,7,9,4,4,3,5,12,15,52,48,1.23,0.81,0.99,1.12,2.83,33,84,50,28,22,33,62,50,89,8.00,5.33,1.74,3.83,4.10,1.28,1.95,3.20,6.30,1.87,1.89,Estadio Inca Garcilaso de la Vega (Cusco)
1721952000,Jul 26 2024 - 12:00am,complete,N/A,César Vallejo,UTC Cajamarca,Fernando Legario,3,1.78,0.33,1.53,0.35,2,0,2,0,0,0,"64,82","",5,2,2,0,3,0,2,0,2,1,7,5,3,0,4,5,9,10,66,34,1.37,1.10,1.13,0.49,2.50,67,84,39,22,11,39,67,39,78,10.00,5.11,1.48,4.03,5.62,1.25,1.69,3.00,5.50,1.85,1.92,Estadio Mansiche (Trujillo)
1722024900,Jul 26 2024 - 8:15pm,complete,N/A,Comerciantes Unidos,Carlos Manucci,Augusto Menéndez,3,1.33,0.33,1.41,0.59,2,1,3,2,2,0,"42,45'5","57",7,1,3,0,4,1,0,3,2,3,10,14,4,6,6,8,12,15,55,45,1.10,0.82,1.16,1.59,2.78,39,67,62,44,17,22,61,61,61,6.78,7.11,1.73,3.50,4.20,1.29,1.91,3.20,5.75,1.82,1.94,Estadio Municipal Germán Contreras Jara (Cajabamba)
1722034800,Jul 26 2024 - 11:00pm,complete,N/A,Deportivo Garcilaso,Sport Boys,Jordi Estanley Espinoza Valles,3,1.00,0.44,1.41,0.53,2,0,2,2,2,0,"11,31","",6,1,3,0,3,1,1,2,1,3,15,6,5,0,10,6,15,11,30,70,1.85,0.96,1.46,0.44,2.67,45,73,50,33,17,17,56,56,89,10.67,5.67,1.53,3.80,5.25,1.29,1.80,3.00,5.50,1.91,1.80,Estadio Inca Garcilaso de la Vega (Cusco)
1722043800,Jul 27 2024 - 1:30am,complete,N/A,Universitario,Alianza Lima,Kevin Ortega,3,3.00,1.67,3.00,1.82,2,1,3,0,0,0,"81,88","69",6,3,3,0,3,1,0,3,1,3,10,6,7,3,3,3,12,16,58,42,1.77,1.17,1.51,0.74,3.00,22,78,50,39,22,33,62,67,95,10.45,4.11,1.88,3.10,4.00,1.48,2.38,4.33,9.00,2.12,1.68,Estadio Monumental (Lima)
1722103200,Jul 27 2024 - 6:00pm,complete,N/A,Sporting Cristal,Cienciano,Michael Espinoza,3,2.67,1.67,2.71,1.29,5,1,6,2,1,1,"3,56,63,81,90'2","45'1",6,5,1,0,2,0,0,1,1,1,22,6,13,2,9,4,19,20,53,47,1.65,0.96,2.66,0.76,3.11,62,89,56,28,17,39,78,39,84,10.45,5.11,1.33,5.00,6.50,1.15,1.55,2.30,3.80,1.83,1.93,Estadio Alberto Gallardo (Lima)
1722111300,Jul 27 2024 - 8:15pm,complete,N/A,ADT,Los Chankas,Micke Palomino,3,2.56,0.56,2.12,0.41,2,1,3,1,1,0,"40,81","89",5,2,2,0,1,0,1,1,0,1,16,8,9,4,7,4,8,8,48,52,1.81,0.90,1.99,1.04,2.95,56,95,56,33,11,45,89,50,89,10.67,3.89,1.44,4.33,5.50,1.20,1.65,2.60,4.50,1.81,1.95,Estadio Municipal Unión de Tarma (Tarma)
1722283200,Jul 29 2024 - 8:00pm,complete,N/A,Deportivo Garcilaso,Real Garcilaso,Joel Alarcón,4,1.20,0.70,1.41,1.24,0,2,2,0,0,0,"","56,84",3,3,1,0,1,0,0,1,0,1,11,7,2,5,9,2,14,13,44,56,1.81,0.96,1.18,1.00,2.60,40,80,45,30,10,40,75,35,75,10.80,5.60,1.68,3.08,4.01,1.30,2.12,3.42,6.55,1.76,1.99,Estadio Inca Garcilaso de la Vega (Cusco)
1722369600,Jul 30 2024 - 8:00pm,complete,N/A,Sport Huancayo,César Vallejo,Michael Espinoza,4,1.70,0.40,1.47,0.24,1,0,1,0,0,0,"54","",8,3,1,0,3,0,1,0,2,1,15,5,7,0,8,5,11,12,59,41,1.49,0.84,1.72,0.52,2.45,40,75,35,25,5,30,60,50,75,9.00,4.20,1.74,3.43,4.27,1.29,1.91,3.20,5.75,1.83,1.93,Estadio Huancayo (Huancayo)
1722369600,Jul 30 2024 - 8:00pm,complete,N/A,Sport Boys,Cienciano,Fernando Legario,4,1.80,1.50,1.53,1.29,2,0,2,1,1,0,"20,53","",7,5,5,0,5,0,2,3,4,1,7,12,4,2,3,10,13,8,49,51,1.32,0.94,0.98,1.16,2.30,55,80,40,10,5,30,65,30,75,11.20,6.30,2.06,3.16,3.34,1.28,1.99,3.28,6.30,1.80,1.91,Estadio Miguel Grau del Callao (Callao)
1722385800,Jul 31 2024 - 12:30am,complete,N/A,Alianza Lima,Unión Comercio,Micke Palomino,4,2.40,0.30,2.24,0.18,1,0,1,0,0,0,"79","",5,0,0,0,4,0,0,0,2,2,8,3,3,1,5,2,8,19,69,31,1.68,0.87,1.18,0.38,2.65,45,70,55,25,15,35,70,40,80,11.20,6.10,1.15,6.43,12.49,1.14,1.52,2.31,3.74,2.19,1.64,Estadio Alejandro Villanueva (Lima)
1722448800,Jul 31 2024 - 6:00pm,complete,N/A,Atlético Grau,Comerciantes Unidos,Edwin Ordóñez,4,1.50,1.00,1.76,0.65,3,0,3,1,1,0,"12,84,90'3","",4,1,0,0,3,0,0,0,1,2,13,0,9,0,4,0,12,12,61,39,1.47,0.96,1.90,0.10,2.80,55,80,50,35,15,40,70,40,80,9.90,4.80,1.37,4.42,6.90,1.22,1.74,2.83,4.75,1.95,1.81,Estadio Campeones del '36 (Sullana)
1722456900,Jul 31 2024 - 8:15pm,complete,N/A,Los Chankas,Sporting Cristal,Diego Mirko Haro Sueldo,4,2.20,1.90,1.88,1.65,3,3,6,2,1,1,"45'5,72,77","40,63,90",9,3,2,0,2,1,1,1,0,3,14,6,7,6,7,0,11,12,56,44,1.46,1.22,1.74,1.02,3.15,55,90,65,40,15,50,85,55,80,10.60,4.30,2.80,3.46,2.19,1.25,1.78,2.88,5.00,1.67,2.10,Estadio Los Chankas (Andahuaylas)
1722472200,Aug 01 2024 - 12:30am,complete,N/A,Carlos Manucci,ADT,Jordi Estanley Espinoza Valles,4,1.20,1.10,1.24,0.88,3,2,5,3,2,1,"10,45'2,68","42,90'6",8,4,2,0,3,1,1,1,3,1,11,6,5,4,6,2,19,14,49,51,1.15,1.19,1.39,0.85,2.90,45,75,55,45,10,30,60,55,90,9.40,5.50,3.56,3.05,2.04,1.33,2.07,3.50,5.80,1.83,1.83,Estadio Mansiche (Trujillo)
1722474000,Aug 01 2024 - 1:00am,complete,N/A,Melgar,Universitario,Jesús Cartagena,4,2.70,1.70,2.59,1.53,1,0,1,0,0,0,"66","",5,2,3,1,2,0,0,4,0,2,16,9,6,2,10,7,8,15,49,51,1.78,1.36,1.77,0.87,2.60,50,70,50,30,15,40,65,50,70,9.60,4.80,1.91,2.99,4.09,1.36,2.10,3.60,7.00,1.98,1.79,Estadio de la Universidad Nacional San Agustín (Arequipa)
1722542400,Aug 01 2024 - 8:00pm,complete,N/A,UTC Cajamarca,Alianza Atlético,Kevin Ortega,4,1.60,0.30,1.47,0.88,1,1,2,1,1,0,"34","64",4,1,4,1,4,1,1,4,2,3,15,12,10,5,5,7,13,11,60,40,1.34,0.72,1.96,1.32,2.70,40,70,45,30,20,35,70,30,70,8.30,5.50,1.56,3.65,6.16,1.33,2.00,3.60,6.50,2.06,1.72,Estadio Municipal Germán Contreras Jara (Cajabamba)
1722715200,Aug 03 2024 - 8:00pm,complete,N/A,Comerciantes Unidos,Alianza Lima,Joel Alarcón,5,1.50,1.50,1.41,1.82,1,3,4,2,1,1,"13","33,46,76",3,5,3,0,1,0,2,1,0,1,2,16,2,7,0,9,11,6,45,55,1.11,1.12,0.39,1.83,2.75,50,75,60,35,15,30,65,60,75,9.50,5.70,4.92,3.66,1.60,1.39,2.08,4.00,8.20,2.05,1.70,Estadio Municipal Germán Contreras Jara (Cajabamba)
1722726000,Aug 03 2024 - 11:00pm,complete,N/A,Cienciano,Los Chankas,Daniel Ureta,5,1.40,0.50,1.76,0.41,0,0,0,0,0,0,"","",2,1,1,0,1,0,0,1,0,1,14,13,5,5,9,8,8,11,55,45,1.40,0.91,1.54,1.45,2.80,65,85,55,30,15,45,85,45,75,9.40,5.20,1.84,3.53,3.65,1.25,1.79,3.00,5.00,1.67,2.10,Estadio Inca Garcilaso de la Vega (Cusco)
1722735000,Aug 04 2024 - 1:30am,complete,N/A,César Vallejo,Deportivo Garcilaso,Diego Mirko Haro Sueldo,5,1.90,0.80,1.53,0.76,0,2,2,0,0,0,"","52,73",6,1,2,0,3,0,1,1,1,2,14,10,6,6,8,4,13,17,66,34,1.34,1.13,1.58,1.34,2.75,55,80,50,35,15,45,70,45,80,10.20,6.90,1.73,3.41,4.38,1.27,1.90,3.45,6.50,1.80,1.93,Estadio Mansiche (Trujillo)
1722787200,Aug 04 2024 - 4:00pm,complete,N/A,Sporting Cristal,Carlos Manucci,Micke Palomino,5,2.70,0.30,2.71,0.59,4,0,4,2,2,0,"14,43,65,68","",8,2,2,0,1,0,2,0,1,0,15,12,8,3,7,9,19,16,54,46,1.75,0.90,1.79,1.20,3.60,45,85,75,50,25,40,65,60,85,7.90,6.00,1.18,6.26,10.65,1.14,1.51,2.30,4.00,2.00,1.73,Estadio Alberto Gallardo (Lima)
1722795000,Aug 04 2024 - 6:10pm,complete,N/A,Unión Comercio,Melgar,Fernando Legario,5,0.78,1.70,0.82,1.53,2,1,3,2,1,1,"23,51","1",3,10,2,0,1,1,1,1,1,1,10,11,4,6,6,5,10,12,50,50,1.08,1.28,1.21,1.43,3.47,74,95,79,53,10,42,74,74,95,9.78,4.32,4.44,3.40,1.66,1.30,2.00,3.40,6.00,2.00,1.77,Estadio Municipal Carlos Vidaurre García (Tarapoto)
1722802800,Aug 04 2024 - 8:20pm,complete,N/A,ADT,Atlético Grau,Kevin Ortega,5,2.60,0.67,2.12,1.24,1,2,3,2,1,1,"45'6","35,63",4,5,1,1,0,0,1,1,0,0,12,8,6,4,6,4,8,5,62,38,1.83,1.03,1.55,1.01,2.30,42,67,42,26,6,10,62,52,79,9.23,3.73,1.68,3.45,4.59,1.33,1.87,3.50,7.00,1.85,1.85,Estadio Municipal Unión de Tarma (Tarma)
1722819600,Aug 05 2024 - 1:00am,complete,N/A,Universitario,UTC Cajamarca,Pablo López,5,3.00,0.30,3.00,0.35,1,0,1,0,0,0,"90'3","",6,2,2,1,3,0,0,3,0,3,17,6,5,2,12,4,16,16,64,36,1.74,1.04,1.90,0.73,2.50,30,75,30,20,15,25,50,55,90,9.30,4.40,1.16,5.42,10.64,1.24,1.73,3.00,5.50,2.63,1.44,Estadio Monumental (Lima)
1722879000,Aug 05 2024 - 5:30pm,complete,N/A,Alianza Atlético,Sport Huancayo,Jesús Cartagena,5,1.50,0.50,1.71,0.76,1,1,2,1,1,0,"12","67",2,2,3,0,2,0,0,3,1,1,21,4,8,2,13,2,19,14,58,42,1.18,0.84,2.34,0.59,2.55,35,80,45,25,15,20,55,55,80,6.80,5.40,1.77,3.33,4.24,1.35,2.05,3.75,7.50,1.83,1.83,Estadio Campeones del '36 (Sullana)
1722898800,Aug 05 2024 - 11:00pm,complete,N/A,Real Garcilaso,Sport Boys,Julio César Quiróz,5,2.50,0.40,2.29,0.53,3,1,4,3,2,1,"19,33,90'2","44",5,3,3,0,2,0,1,2,0,2,15,7,7,3,8,4,17,11,54,46,1.21,0.91,1.64,0.87,2.60,25,75,50,20,15,25,70,45,85,7.20,5.60,1.34,4.23,7.85,1.25,1.75,2.90,5.25,2.06,1.72,Estadio Inca Garcilaso de la Vega (Cusco)
1723233600,Aug 09 2024 - 8:00pm,complete,N/A,UTC Cajamarca,Unión Comercio,Sebastián Lozano,6,1.55,0.27,1.47,0.18,3,1,4,1,1,0,"40,74,78","90'2",5,1,1,0,1,0,0,1,0,1,15,10,8,1,7,9,14,13,50,50,1.40,0.83,1.77,0.92,2.91,55,69,55,36,23,32,73,36,78,8.27,5.63,1.57,3.60,5.25,1.29,1.85,3.20,5.75,1.93,1.83,Estadio Municipal Germán Contreras Jara (Cajabamba)
1723320000,Aug 10 2024 - 8:00pm,complete,N/A,Deportivo Garcilaso,Alianza Atlético,Edwin Ordóñez,6,1.09,0.36,1.41,0.88,0,1,1,0,0,0,"","90'12",6,2,3,1,1,0,2,2,0,1,12,12,3,5,9,7,16,17,57,43,1.75,0.77,1.29,1.25,2.09,36,73,27,18,5,27,50,32,73,9.82,6.46,1.47,3.86,5.97,1.30,1.95,3.40,6.50,2.00,1.73,Estadio Inca Garcilaso de la Vega (Cusco)
1723320000,Aug 10 2024 - 8:00pm,complete,N/A,Sport Boys,Los Chankas,Roberto Pérez Gutierrez,6,1.91,0.55,1.53,0.41,2,1,3,2,2,0,"16,23","56",7,3,3,0,4,0,2,1,3,1,10,5,5,3,5,2,11,13,48,52,1.29,0.96,1.28,0.77,2.46,50,82,50,18,9,41,73,32,78,10.73,5.72,1.67,3.60,4.50,1.30,1.95,3.40,6.50,1.83,1.83,Estadio Miguel Grau del Callao (Callao)
1723338900,Aug 11 2024 - 1:15am,complete,N/A,Alianza Lima,ADT,Michael Espinoza,6,2.45,1.00,2.24,0.88,0,0,0,0,0,0,"","",4,0,0,0,0,0,0,0,0,0,18,2,5,1,13,1,9,12,69,31,1.63,1.15,2.00,0.35,3.14,50,78,60,37,23,36,69,59,96,11.82,5.45,1.41,3.93,6.90,0.00,1.95,0.00,0.00,2.20,1.62,Estadio Alejandro Villanueva (Lima)
1723399200,Aug 11 2024 - 6:00pm,complete,N/A,Atlético Grau,Sporting Cristal,Augusto Menéndez,6,1.64,1.82,1.76,1.65,1,1,2,1,1,0,"20","63",3,6,2,0,3,0,1,1,2,1,7,12,2,6,5,6,17,9,47,53,1.51,1.20,0.86,1.46,3.00,64,82,68,41,14,55,78,45,78,11.46,3.63,2.62,3.30,2.38,1.25,1.80,2.90,5.25,1.61,2.25,Estadio Campeones del '36 (Sullana)
1723406400,Aug 11 2024 - 8:00pm,complete,N/A,Carlos Manucci,Cienciano,Kevin Ortega,6,1.36,1.36,1.24,1.29,1,2,3,3,1,2,"45'3","17,38",12,3,0,1,3,1,0,1,0,4,14,6,3,4,11,2,17,20,62,38,1.18,0.96,1.57,0.87,2.60,50,82,46,27,9,32,73,41,82,10.09,5.73,2.10,3.00,3.30,1.33,2.00,3.40,6.50,1.82,1.94,Estadio Mansiche (Trujillo)
1723407300,Aug 11 2024 - 8:15pm,complete,N/A,Sport Huancayo,Universitario,Joel Alarcón,6,1.82,1.55,1.47,1.53,1,1,2,0,0,0,"75","86",4,3,3,0,1,0,1,2,0,1,18,14,11,6,7,8,13,8,52,48,1.51,1.31,2.12,1.58,1.96,32,60,32,18,0,18,50,41,73,8.27,3.82,3.06,3.07,2.23,1.40,2.15,4.20,8.50,1.91,1.80,Estadio Huancayo (Huancayo)
1723417200,Aug 11 2024 - 11:00pm,complete,N/A,Real Garcilaso,César Vallejo,Jesús Cartagena,6,2.55,0.36,2.29,0.24,2,1,3,2,1,1,"31,71","44",5,4,0,0,2,0,0,0,0,2,18,5,10,2,8,3,6,11,66,34,1.24,0.81,2.22,0.61,2.60,36,78,46,23,9,41,69,41,78,8.54,5.10,1.50,3.78,5.72,1.30,1.83,3.30,6.50,2.00,1.73,Estadio Inca Garcilaso de la Vega (Cusco)
1723744800,Aug 15 2024 - 6:00pm,complete,N/A,Alianza Atlético,Real Garcilaso,Kevin Ortega,7,1.45,0.91,1.71,1.24,1,1,2,1,1,0,"37","47",5,4,2,0,4,0,2,0,3,1,10,10,7,7,3,3,13,16,57,43,1.29,0.96,1.33,1.30,2.28,32,78,36,18,5,27,73,32,73,6.63,5.46,2.14,2.98,3.37,1.38,2.23,3.80,8.00,1.94,1.82,Estadio Campeones del '36 (Sullana)
1723752900,Aug 15 2024 - 8:15pm,complete,N/A,Comerciantes Unidos,UTC Cajamarca,Fernando Legario,7,1.36,0.27,1.41,0.35,1,1,2,1,1,0,"45'1","53",5,9,2,0,4,0,0,2,0,4,13,19,6,7,7,12,13,15,47,53,1.04,1.01,1.44,2.01,2.28,50,69,37,23,9,27,59,45,73,8.18,5.63,2.25,3.19,3.12,1.33,2.00,3.60,7.00,1.80,1.91,Estadio Municipal Germán Contreras Jara (Cajabamba)
1723831200,Aug 16 2024 - 6:00pm,complete,N/A,ADT,Melgar,Micke Palomino,7,2.36,1.55,2.12,1.53,1,1,2,2,1,1,"3","20",2,4,1,0,1,0,1,0,0,1,13,9,5,4,8,5,10,9,58,42,1.80,1.30,1.54,1.06,3.14,64,91,69,36,9,36,78,60,91,11.18,3.64,2.40,3.00,2.70,0.00,2.10,0.00,0.00,1.83,1.83,Estadio Municipal Unión de Tarma (Tarma)
1723839300,Aug 16 2024 - 8:15pm,complete,N/A,César Vallejo,Sport Boys,Francisco Ramos,7,1.73,0.36,1.53,0.53,2,2,4,1,0,1,"59,67","18,83",10,0,3,1,1,2,3,1,1,2,10,6,6,3,4,3,11,12,68,32,1.37,0.90,1.47,0.77,2.87,55,82,55,36,18,41,73,45,78,8.91,5.64,2.00,3.20,3.40,1.33,2.10,3.60,7.00,1.86,1.90,Estadio Mansiche (Trujillo)
1723858200,Aug 17 2024 - 1:30am,complete,N/A,Universitario,Deportivo Garcilaso,Daniel Ureta,7,3.00,1.00,3.00,0.76,3,1,4,1,0,1,"54,67,69","25",8,1,2,0,1,0,2,0,1,0,11,4,7,1,4,3,8,10,69,31,1.76,1.15,1.52,0.54,2.68,23,69,41,32,18,32,55,55,91,9.55,6.27,1.13,6.70,14.00,1.13,1.45,2.10,3.30,2.07,1.72,Estadio Monumental (Lima)
1723917600,Aug 17 2024 - 6:00pm,complete,N/A,Unión Comercio,Sport Huancayo,Hilbert Villegas,7,1.00,0.55,0.82,0.76,0,1,1,0,0,0,"","72",7,4,0,0,2,0,0,0,2,0,12,13,6,3,6,10,8,9,59,41,1.09,0.82,1.52,1.14,3.20,63,96,68,43,14,39,72,67,96,7.78,4.84,2.00,3.10,3.50,1.27,1.91,3.10,5.75,1.75,2.03,Estadio Municipal Carlos Vidaurre García (Tarapoto)
1723925700,Aug 17 2024 - 8:15pm,complete,N/A,Cienciano,Atlético Grau,Michael Espinoza,7,1.36,0.90,1.76,1.24,1,0,1,0,0,0,"66","",3,2,2,0,0,0,0,2,0,0,11,10,5,2,6,8,9,8,47,53,1.41,1.03,1.28,0.94,2.09,48,57,38,24,10,19,57,38,63,8.23,4.74,1.78,3.30,4.20,1.30,2.00,3.60,6.50,1.91,1.80,Estadio Inca Garcilaso de la Vega (Cusco)
1723942800,Aug 18 2024 - 1:00am,complete,N/A,Sporting Cristal,Alianza Lima,Roberto Pérez Gutierrez,7,2.73,1.64,2.71,1.82,0,0,0,0,0,0,"","",5,3,4,0,1,0,1,3,0,1,5,9,3,5,2,4,16,20,64,36,1.76,1.19,0.81,1.12,3.59,50,91,73,50,23,46,69,69,96,10.73,4.27,2.20,3.10,3.00,1.33,2.00,3.60,6.50,1.81,1.95,Estadio Nacional de Lima (Lima)
1724011200,Aug 18 2024 - 8:00pm,complete,N/A,Los Chankas,Carlos Manucci,Joel Alarcón,7,2.09,0.27,1.88,0.59,1,1,2,2,1,1,"42","26",19,0,0,0,0,0,0,0,0,0,23,6,9,2,14,4,10,10,75,25,1.49,0.92,2.77,0.62,3.05,32,87,59,36,14,27,64,73,82,8.18,5.82,1.48,4.00,5.75,1.22,1.67,2.62,4.75,1.82,1.94,Estadio Los Chankas (Andahuaylas)
1724099400,Aug 19 2024 - 8:30pm,complete,N/A,César Vallejo,Alianza Atlético,Edwin Ordóñez,8,1.67,0.58,1.53,0.88,0,0,0,0,0,0,"","",5,4,4,0,2,0,0,4,1,1,7,3,4,2,3,1,15,20,68,32,1.38,0.81,1.04,0.48,2.34,50,75,38,25,9,38,63,29,71,9.09,6.50,1.88,3.32,4.06,1.33,2.07,3.75,7.50,1.91,1.85,Estadio Mansiche (Trujillo)
1724176800,Aug 20 2024 - 6:00pm,complete,N/A,UTC Cajamarca,ADT,Julio César Quiróz,8,1.67,1.00,1.47,0.88,1,1,2,1,0,1,"74","19",8,2,3,0,2,0,1,2,0,2,15,6,3,3,12,3,10,17,54,46,1.43,1.08,1.48,0.82,3.42,63,79,63,50,29,33,75,59,88,9.08,4.83,2.94,3.22,2.34,1.36,1.98,3.80,8.20,1.83,1.83,Estadio Municipal Germán Contreras Jara (Cajabamba)
1724184900,Aug 20 2024 - 8:15pm,complete,N/A,Sport Huancayo,Comerciantes Unidos,Sebastián Lozano,8,1.75,0.91,1.47,0.65,2,2,4,2,2,0,"28,36","81,90'5",2,2,3,0,2,0,1,2,2,0,10,8,7,3,3,5,14,20,49,51,1.56,0.88,1.45,0.90,2.77,44,79,45,31,14,27,67,48,92,7.55,5.11,1.44,4.12,6.03,1.22,1.74,2.79,5.05,1.83,1.83,Estadio Huancayo (Huancayo)
1724193000,Aug 20 2024 - 10:30pm,complete,N/A,Real Garcilaso,Universitario,Roberto Pérez Gutierrez,8,2.58,1.50,2.29,1.53,1,1,2,1,0,1,"72","37",6,3,2,0,3,0,0,2,1,2,10,7,5,2,5,5,13,7,69,31,1.33,1.34,1.39,0.88,2.25,38,71,46,17,4,34,63,38,75,7.67,4.41,2.88,3.00,2.51,1.41,2.34,4.50,8.50,1.91,1.85,Estadio Inca Garcilaso de la Vega (Cusco)
1724203800,Aug 21 2024 - 1:30am,complete,N/A,Alianza Lima,Cienciano,Joel Alarcón,8,2.33,1.50,2.24,1.29,3,0,3,1,1,0,"45'3,70,85","",4,2,2,0,0,0,1,1,0,0,14,5,7,0,7,5,8,5,56,44,1.66,0.95,1.66,0.50,2.54,50,80,46,13,13,33,75,38,79,11.83,5.58,1.27,5.32,10.26,1.24,1.68,2.90,5.50,2.25,1.62,Estadio Alejandro Villanueva (Lima)
1724263200,Aug 21 2024 - 6:00pm,complete,N/A,Atlético Grau,Los Chankas,N/A,8,1.58,0.50,1.76,0.41,1,1,2,1,0,1,"53","43",7,4,2,0,1,0,0,2,0,1,14,9,6,3,8,6,15,16,66,34,1.45,0.95,1.72,0.98,2.55,59,84,55,21,9,42,75,42,79,10.58,3.75,1.53,3.86,5.33,1.23,1.78,2.88,5.25,1.83,1.83,Estadio Campeones del '36 (Sullana)
1724263200,Aug 21 2024 - 6:00pm,complete,N/A,Sport Boys,Carlos Manucci,Micke Palomino,8,2.00,0.33,1.53,0.59,2,6,8,3,0,3,"72,86","22,36,41,64,75,90'3",6,2,1,0,2,0,1,0,0,2,11,14,5,11,6,3,10,22,66,34,1.29,0.90,1.37,1.86,2.54,38,79,55,25,4,33,58,42,75,8.50,6.92,1.66,3.54,4.65,1.28,1.96,3.28,6.30,1.91,1.80,Estadio Miguel Grau del Callao (Callao)
1724271300,Aug 21 2024 - 8:15pm,complete,N/A,Deportivo Garcilaso,Unión Comercio,Fernando Legario,8,1.00,0.25,1.41,0.18,3,1,4,3,2,1,"7,45'1,67","33",8,1,1,0,3,0,0,1,0,3,15,4,5,1,10,3,19,11,42,58,1.72,0.83,1.53,0.47,2.38,46,67,42,29,8,25,50,42,79,9.83,6.00,1.40,4.42,6.21,1.14,1.57,2.30,3.94,1.80,1.90,Estadio Inca Garcilaso de la Vega (Cusco)
1724286600,Aug 22 2024 - 12:30am,complete,N/A,Melgar,Sporting Cristal,Daniel Ureta,8,2.73,1.75,2.59,1.65,2,0,2,1,1,0,"32,87","",4,2,0,0,3,0,0,0,0,3,13,3,7,0,6,3,10,9,48,52,1.78,1.22,1.55,0.43,3.38,69,83,69,47,26,60,82,49,87,10.85,5.24,1.60,3.95,5.02,1.22,1.60,2.80,5.00,1.63,2.25,Estadio de la Universidad Nacional San Agustín (Arequipa)
1724521800,Aug 24 2024 - 5:50pm,complete,N/A,Alianza Atlético,Sport Boys,Daniel Ureta,9,1.42,0.42,1.71,0.53,2,0,2,1,1,0,"45'1,90'4","",3,2,4,1,4,0,1,4,3,1,9,9,3,1,6,8,10,13,47,53,1.29,0.89,0.96,0.84,2.42,42,75,42,25,9,17,67,42,79,6.08,5.84,1.94,3.32,4.46,1.37,2.15,3.70,6.50,2.04,1.74,Estadio Campeones del '36 (Sullana)
1724530800,Aug 24 2024 - 8:20pm,complete,N/A,Los Chankas,Alianza Lima,Kevin Ortega,9,2.00,1.58,1.88,1.82,0,1,1,0,0,0,"","81",4,5,2,1,3,0,1,2,0,3,7,15,1,8,6,7,12,9,55,45,1.59,1.18,0.79,1.82,2.84,42,88,50,29,13,29,63,71,84,11.75,4.08,2.97,3.23,2.16,1.25,1.90,3.20,5.70,1.74,2.04,Estadio Los Chankas (Andahuaylas)
1724549400,Aug 25 2024 - 1:30am,complete,N/A,Universitario,César Vallejo,Augusto Menéndez,9,3.00,0.33,3.00,0.24,1,0,1,1,1,0,"9","",8,3,0,0,2,0,0,0,1,1,12,2,6,1,6,1,9,14,44,56,1.74,0.80,1.45,0.38,2.79,38,71,46,34,17,42,63,50,80,10.00,4.67,1.31,4.37,8.45,1.22,1.76,2.80,4.60,2.07,1.72,Estadio Monumental (Lima)
1724601600,Aug 25 2024 - 4:00pm,complete,N/A,Sporting Cristal,UTC Cajamarca,Joel Alarcón,9,2.58,0.33,2.71,0.35,4,0,4,1,1,0,"38,57,67,72","",9,7,0,0,1,0,0,0,0,1,18,8,9,3,9,5,12,12,68,32,1.68,1.10,2.22,0.90,2.83,46,79,42,29,17,33,59,46,88,9.92,4.66,1.24,5.25,8.85,1.10,1.40,2.00,3.20,1.82,1.94,Estadio Alberto Gallardo (Lima)
1724609700,Aug 25 2024 - 6:15pm,complete,N/A,ADT,Sport Huancayo,Edwin Ordóñez,9,2.25,0.75,2.12,0.76,2,1,3,2,2,0,"10,45","90'2",5,6,0,0,4,0,0,0,2,2,13,9,6,7,7,2,9,16,56,44,1.78,0.85,1.59,1.32,2.80,50,88,50,29,13,29,71,54,88,8.67,4.08,1.59,3.65,4.85,1.20,1.72,2.80,4.60,1.84,1.92,Estadio Municipal Unión de Tarma (Tarma)
1724617800,Aug 25 2024 - 8:30pm,complete,N/A,Comerciantes Unidos,Deportivo Garcilaso,N/A,9,1.33,0.92,1.41,0.76,2,1,3,1,1,0,"30,53","90'3",1,6,2,0,0,0,0,2,0,0,10,12,5,4,5,8,19,8,51,49,1.08,1.10,1.15,1.45,2.63,50,71,50,38,13,34,71,50,75,8.33,6.91,3.00,3.17,2.17,1.32,1.89,3.40,6.50,1.73,2.00,Estadio Municipal Germán Contreras Jara (Cajabamba)
1724634000,Aug 26 2024 - 1:00am,complete,N/A,Cienciano,Melgar,Diego Mirko Haro Sueldo,9,1.50,1.50,1.76,1.53,3,1,4,2,1,1,"15,74,90'1","20",4,5,5,0,2,1,1,4,0,3,9,11,7,3,2,8,13,8,44,56,1.40,1.28,1.39,1.46,2.75,63,75,54,34,13,38,67,46,71,9.91,4.58,3.23,3.12,2.09,1.32,2.05,3.50,6.20,1.90,1.86,Estadio Inca Garcilaso de la Vega (Cusco)
1724695200,Aug 26 2024 - 6:00pm,complete,N/A,Unión Comercio,Real Garcilaso,Micke Palomino,9,0.91,0.92,0.82,1.24,3,3,6,4,2,2,"14,34,65","26,44,54",2,8,1,1,0,0,0,2,0,0,12,13,5,7,7,6,13,8,41,59,1.13,0.99,1.42,1.77,2.84,53,87,58,35,4,44,83,45,88,8.15,4.83,2.60,2.95,2.60,1.33,2.05,3.50,6.20,1.90,1.86,Estadio Municipal Carlos Vidaurre García (Tarapoto)
1724720400,Aug 27 2024 - 1:00am,complete,N/A,Carlos Manucci,Atlético Grau,Fernando Legario,9,1.25,0.82,1.24,1.24,1,1,2,1,1,0,"7","84",0,6,4,0,0,0,0,4,0,0,7,10,3,2,4,8,17,10,37,63,1.21,1.02,1.27,1.56,2.29,39,60,47,30,9,26,56,39,74,9.36,4.41,2.70,3.10,2.40,1.33,2.05,3.60,6.50,1.84,1.92,Estadio Mansiche (Trujillo)
1725213600,Sep 01 2024 - 6:00pm,complete,N/A,Unión Comercio,Atlético Grau,Joel Alarcón,3,0.92,0.83,0.82,1.24,1,2,3,1,1,0,"42","83,90'4",4,6,1,0,0,0,0,1,0,0,5,8,3,3,2,5,6,4,44,56,1.15,1.06,0.67,1.01,2.63,59,71,54,34,8,29,63,50,88,8.16,3.75,2.62,3.10,2.50,1.36,2.10,3.60,7.00,1.83,1.93,Estadio Municipal Carlos Vidaurre García (Tarapoto)
1725740100,Sep 07 2024 - 8:15pm,complete,N/A,Melgar,Comerciantes Unidos,Julio César Quiróz,6,2.75,0.92,2.59,0.65,3,0,3,2,2,0,"31,40,79","",2,0,1,0,4,0,0,1,1,3,20,4,11,2,9,2,17,16,61,39,1.76,0.88,2.54,0.56,3.25,54,84,59,42,25,46,80,50,92,8.50,5.83,1.15,6.50,12.00,1.13,1.48,2.20,3.60,2.27,1.60,Estadio de la Universidad Nacional San Agustín (Arequipa)
1726250400,Sep 13 2024 - 6:00pm,complete,N/A,UTC Cajamarca,Cienciano,N/A,10,1.62,1.38,1.47,1.29,1,2,3,0,0,0,"89","86,90'4",10,3,1,0,3,0,1,0,1,2,9,8,2,3,7,5,16,16,58,42,1.43,0.91,1.07,0.91,3.04,66,89,54,27,20,31,89,42,81,9.77,5.23,2.20,3.20,3.10,1.38,2.10,4.00,8.00,1.83,1.83,Estadio Municipal Germán Contreras Jara (Cajabamba)
1726258500,Sep 13 2024 - 8:15pm,complete,N/A,Deportivo Garcilaso,ADT,Alejandro Villanueva Ponce,10,1.15,1.00,1.41,0.88,1,0,1,1,1,0,"5","",4,4,4,0,1,0,1,3,0,1,8,11,4,5,4,6,14,6,33,67,1.70,1.06,1.04,1.29,2.81,54,77,46,39,16,31,54,54,89,10.77,5.31,2.40,3.20,2.80,1.32,1.95,3.40,6.50,1.73,2.00,Estadio Inca Garcilaso de la Vega (Cusco)
1726268400,Sep 13 2024 - 11:00pm,complete,N/A,César Vallejo,Unión Comercio,Diego Mirko Haro Sueldo,10,1.62,0.23,1.53,0.18,1,0,1,1,1,0,"21","",4,2,3,0,3,0,1,2,1,2,7,12,5,5,2,7,12,14,51,49,1.35,0.81,1.08,1.39,2.66,62,74,54,38,12,39,66,39,73,9.00,6.15,1.40,4.33,7.00,1.22,1.85,2.80,5.00,2.00,1.73,Estadio Mansiche (Trujillo)
1726336800,Sep 14 2024 - 6:00pm,complete,N/A,Real Garcilaso,Comerciantes Unidos,Daniel Ureta,10,2.46,0.85,2.29,0.65,2,1,3,3,2,1,"9,22","25",9,3,1,0,2,0,1,0,2,0,14,9,7,2,7,7,11,9,53,47,1.33,0.86,1.73,1.09,3.04,46,89,62,31,16,46,85,39,92,6.93,5.62,1.29,4.75,10.00,1.24,1.73,2.90,5.00,2.20,1.62,Estadio Inca Garcilaso de la Vega (Cusco)
1726344000,Sep 14 2024 - 8:00pm,complete,N/A,Sport Boys,Atlético Grau,Jesús Cartagena,10,1.85,1.00,1.53,1.24,0,0,0,0,0,0,"","",2,1,1,0,3,0,0,1,0,3,5,5,3,3,2,2,13,10,48,52,1.29,1.06,0.69,0.84,2.27,46,66,42,15,8,23,58,31,77,10.39,4.85,2.50,3.10,2.63,1.40,2.15,4.00,8.00,1.83,1.83,Estadio Miguel Grau del Callao (Callao)
1726344900,Sep 14 2024 - 8:15pm,complete,N/A,Sport Huancayo,Sporting Cristal,Kevin Ortega,10,1.69,1.62,1.47,1.65,1,2,3,1,1,0,"17","68,73",3,4,2,0,1,0,0,2,0,1,14,10,8,5,6,5,12,12,56,44,1.55,1.16,1.85,1.15,2.89,58,81,54,39,12,42,73,46,89,9.23,4.31,2.60,3.30,2.50,1.30,1.85,3.25,6.50,1.67,2.10,Estadio Huancayo (Huancayo)
1726358400,Sep 15 2024 - 12:00am,complete,N/A,Alianza Lima,Carlos Manucci,Michael Espinoza,10,2.38,0.54,2.24,0.59,1,0,1,1,1,0,"24","",10,2,3,0,2,0,0,3,0,2,8,8,6,5,2,3,9,8,58,42,1.66,0.97,1.31,1.01,2.96,35,77,62,31,15,35,66,58,81,8.93,5.61,1.17,7.00,13.00,1.15,1.50,2.30,4.00,2.25,1.57,Estadio Alejandro Villanueva (Lima)
1726423200,Sep 15 2024 - 6:00pm,complete,N/A,Alianza Atlético,Universitario,Edwin Ordóñez,10,1.54,1.46,1.71,1.53,0,3,3,2,0,2,"","8,45'6,88",3,3,2,0,2,0,2,0,2,0,3,6,2,4,1,2,16,14,56,44,1.27,1.30,0.69,1.03,1.89,42,70,27,12,0,16,58,35,70,6.61,5.07,3.70,3.10,2.10,1.38,2.08,3.65,7.20,1.83,1.83,Estadio Campeones del '36 (Sullana)
1726431300,Sep 15 2024 - 8:15pm,complete,N/A,Melgar,Los Chankas,Joel Alarcón,10,2.77,0.54,2.59,0.41,2,0,2,1,1,0,"20,61","",6,6,0,0,0,0,0,0,0,0,20,6,5,2,15,4,5,6,58,42,1.82,0.95,2.04,0.70,2.93,58,85,58,27,19,50,81,42,89,9.69,4.77,1.22,5.13,8.38,1.10,1.44,2.13,3.28,1.73,2.00,Estadio de la Universidad Nacional San Agustín (Arequipa)
1726596000,Sep 17 2024 - 6:00pm,complete,N/A,Sporting Cristal,Deportivo Garcilaso,Edwin Ordóñez,11,2.62,0.85,2.71,0.76,1,0,1,0,0,0,"80","",9,1,2,0,3,0,0,2,1,2,10,4,3,0,7,4,12,16,75,25,1.72,1.12,1.36,0.48,3.24,42,81,62,47,20,39,70,58,89,10.00,5.46,1.28,5.25,7.00,1.10,1.44,2.10,3.35,1.83,1.83,Estadio Alberto Gallardo (Lima)
1726604100,Sep 17 2024 - 8:15pm,complete,N/A,ADT,Real Garcilaso,Hilbert Villegas,11,2.31,0.92,2.12,1.24,1,2,3,1,1,0,"6","54,75",6,4,1,0,4,0,1,0,0,4,13,10,9,3,4,7,7,10,56,44,1.77,1.05,1.82,1.03,2.77,50,89,50,27,8,42,89,39,81,9.07,4.00,1.78,3.60,3.80,1.22,1.73,2.80,5.00,1.69,2.11,Estadio Municipal Unión de Tarma (Tarma)
1726682400,Sep 18 2024 - 6:00pm,complete,N/A,Atlético Grau,Alianza Lima,Joel Alarcón,11,1.54,1.69,1.76,1.82,1,0,1,0,0,0,"87","",3,6,1,0,5,0,1,0,2,3,5,9,3,4,2,5,7,11,47,53,1.47,1.23,0.79,1.19,2.39,46,77,46,23,4,23,54,54,85,11.16,3.69,3.39,2.89,2.17,1.50,2.50,4.75,10.00,2.05,1.70,Estadio Campeones del '36 (Sullana)
1726691400,Sep 18 2024 - 8:30pm,complete,N/A,Comerciantes Unidos,César Vallejo,Fernando Legario,11,1.46,0.31,1.41,0.24,2,0,2,1,1,0,"45'6,90","",2,4,2,0,2,0,0,2,0,2,9,6,3,1,6,5,9,9,49,51,1.08,0.77,1.04,0.76,2.58,58,69,50,31,12,42,77,42,62,8.46,5.46,2.36,3.08,2.79,1.30,2.05,3.80,8.00,1.73,2.00,Estadio Juan Maldonado Gamarra (Cutervo)
1726700400,Sep 18 2024 - 11:00pm,complete,N/A,Cienciano,Sport Huancayo,Jesús Cartagena,11,1.62,0.69,1.76,0.76,3,1,4,2,2,0,"19,39,84","72",4,4,1,0,2,0,0,1,0,2,8,8,4,6,4,2,10,9,42,58,1.40,0.88,1.06,1.16,2.58,50,74,46,31,16,31,62,46,77,8.00,5.46,2.01,3.23,3.70,1.29,2.01,3.34,6.40,1.80,1.91,Estadio Inca Garcilaso de la Vega (Cusco)
1726709400,Sep 19 2024 - 1:30am,complete,N/A,Universitario,Sport Boys,Roberto Pérez Gutierrez,11,3.00,0.38,3.00,0.53,3,0,3,2,2,0,"20,28,69","",11,1,4,0,1,0,2,2,0,1,19,3,6,0,13,3,13,10,59,41,1.71,0.89,1.99,0.30,2.85,31,70,50,38,19,27,70,50,85,8.62,5.23,1.27,5.21,10.25,1.21,1.81,2.71,4.90,2.34,1.53,Estadio Monumental (Lima)
1726768800,Sep 19 2024 - 6:00pm,complete,N/A,Unión Comercio,Alianza Atlético,Alejandro Villanueva Ponce,11,0.85,0.62,0.82,0.88,1,2,3,2,0,2,"87","8,34",7,1,3,0,3,0,1,2,1,2,11,8,5,5,6,3,10,16,68,32,1.12,0.79,1.36,1.01,2.43,50,73,46,27,4,35,62,39,81,7.31,5.46,2.46,3.13,2.84,1.33,2.15,4.00,8.00,1.83,1.83,Estadio Municipal Carlos Vidaurre García (Tarapoto)
1726776900,Sep 19 2024 - 8:15pm,complete,N/A,Los Chankas,UTC Cajamarca,Micke Palomino,11,1.85,0.31,1.88,0.35,1,1,2,0,0,0,"53","76",7,8,1,0,1,0,0,1,0,1,12,5,5,2,7,3,9,10,59,41,1.53,1.08,1.47,0.72,2.39,38,81,27,16,8,20,58,54,85,11.15,4.46,1.59,3.88,4.69,1.17,1.63,2.75,5.20,1.67,2.10,Estadio Los Chankas (Andahuaylas)
1726794000,Sep 20 2024 - 1:00am,complete,N/A,Carlos Manucci,Melgar,Augusto Menéndez,11,1.23,1.38,1.24,1.53,1,1,2,0,0,0,"76","90'3",4,2,4,0,1,0,0,4,0,1,12,12,6,3,6,9,21,7,48,52,1.21,1.29,1.43,1.20,3.04,62,85,66,42,12,46,73,50,81,10.85,4.70,5.37,3.62,1.57,1.32,2.06,3.56,6.85,2.04,1.69,Estadio Mansiche (Trujillo)
1726961400,Sep 21 2024 - 11:30pm,complete,N/A,Deportivo Garcilaso,Cienciano,Daniel Ureta,12,1.29,1.50,1.41,1.29,1,0,1,1,1,0,"15","",5,3,2,1,2,0,0,3,0,2,9,15,7,5,2,10,12,12,26,74,1.65,0.91,1.22,1.63,2.50,54,82,43,18,7,29,65,43,79,11.07,5.78,2.06,3.23,3.54,1.29,1.95,3.20,6.00,1.76,1.95,Estadio Inca Garcilaso de la Vega (Cusco)
1726968600,Sep 22 2024 - 1:30am,complete,N/A,Sport Boys,Alianza Lima,Diego Mirko Haro Sueldo,12,1.79,1.57,1.53,1.82,0,3,3,2,0,2,"","15,45'1,55",4,7,2,0,2,0,0,2,1,1,4,8,2,5,2,3,8,17,44,56,1.25,1.23,0.61,1.06,2.43,40,71,47,22,7,29,50,43,82,10.93,5.57,4.44,3.34,1.73,1.36,2.25,4.00,8.00,2.10,1.67,Estadio Miguel Grau del Callao (Callao)
1727035200,Sep 22 2024 - 8:00pm,complete,N/A,Real Garcilaso,Sporting Cristal,Augusto Menéndez,12,2.50,1.71,2.29,1.65,1,1,2,2,1,1,"38","10",5,5,4,0,2,0,0,4,0,2,11,10,2,7,9,3,6,8,59,41,1.36,1.16,1.14,1.31,3.07,61,90,68,32,14,54,90,36,86,9.36,4.57,2.04,3.33,3.22,1.22,1.82,2.88,5.30,1.69,2.04,Estadio Inca Garcilaso de la Vega (Cusco)
1727044200,Sep 22 2024 - 10:30pm,complete,N/A,Universitario,Unión Comercio,Fernando Legario,12,3.00,0.21,3.00,0.18,1,0,1,0,0,0,"67","",10,1,2,0,1,0,0,2,0,1,18,6,4,0,14,6,5,7,64,36,1.73,0.85,1.97,0.55,2.65,36,61,50,36,14,33,64,40,79,9.07,5.35,1.09,9.41,22.10,1.10,1.40,2.03,3.50,2.63,1.44,Estadio Monumental (Lima)
1727053200,Sep 23 2024 - 1:00am,complete,N/A,César Vallejo,ADT,Roberto Pérez Gutierrez,12,1.71,0.93,1.53,0.88,0,0,0,0,0,0,"","",7,2,3,0,3,1,1,2,2,2,16,3,5,0,11,3,17,17,62,38,1.33,1.08,1.68,0.43,2.82,61,75,50,40,18,36,68,50,75,9.85,5.50,2.16,3.23,3.29,1.29,1.95,3.60,7.50,1.73,2.00,Estadio Mansiche (Trujillo)
1727114400,Sep 23 2024 - 6:00pm,complete,N/A,Alianza Atlético,Comerciantes Unidos,Joel Alarcón,12,1.43,0.79,1.71,0.65,1,0,1,1,1,0,"45'7","",6,2,1,0,3,1,1,0,2,2,6,5,2,3,4,2,11,15,51,49,1.23,0.87,0.91,0.82,2.72,47,86,50,25,11,36,79,36,83,5.79,6.07,1.49,4.05,6.29,1.29,1.88,3.00,5.50,1.95,1.75,Estadio Campeones del '36 (Sullana)
1727130600,Sep 23 2024 - 10:30pm,complete,N/A,Sport Huancayo,Los Chankas,Edwin Ordóñez,12,1.57,0.50,1.47,0.41,3,1,4,2,1,1,"12,87,90'10","21",5,2,2,0,3,1,1,1,3,1,16,6,4,1,12,5,9,13,61,39,1.58,0.93,1.66,0.70,2.54,54,82,47,21,7,32,72,47,90,8.78,4.00,1.78,3.43,4.06,1.22,1.80,3.00,6.50,1.67,2.10,Estadio Huancayo (Huancayo)
1727139600,Sep 24 2024 - 1:00am,complete,N/A,Melgar,Atlético Grau,Michael Espinoza,12,2.79,1.00,2.59,1.24,0,0,0,0,0,0,"","",7,5,3,0,0,0,2,1,0,0,11,5,2,1,9,4,9,7,60,40,1.83,1.04,1.16,0.49,2.40,43,65,43,22,14,25,61,40,82,9.28,4.00,1.38,4.47,7.91,1.25,1.74,2.88,5.25,2.00,1.73,Estadio de la Universidad Nacional San Agustín (Arequipa)
1727208000,Sep 24 2024 - 8:00pm,complete,N/A,UTC Cajamarca,Carlos Manucci,Kevin Ortega,12,1.50,0.50,1.47,0.59,2,0,2,1,1,0,"9,71","",6,8,4,0,4,1,2,2,2,3,17,14,10,3,7,11,15,14,51,49,1.41,0.97,2.09,1.52,3.32,54,83,64,43,22,33,75,57,79,7.65,5.36,1.55,3.79,5.25,1.25,1.83,3.30,6.50,2.00,1.73,Estadio Municipal Germán Contreras Jara (Cajabamba)
1727460000,Sep 27 2024 - 6:00pm,complete,N/A,Unión Comercio,Sport Boys,N/A,13,0.79,0.36,0.82,0.53,0,2,2,0,0,0,"","50,70",8,9,3,1,1,0,2,2,1,0,6,13,4,8,2,5,13,14,54,46,1.13,0.84,0.93,1.67,3.08,58,86,68,40,11,40,79,54,93,7.14,5.07,2.80,3.00,2.40,1.33,2.20,4.00,8.00,1.83,1.83,Estadio Municipal Carlos Vidaurre García (Tarapoto)
1727553600,Sep 28 2024 - 8:00pm,complete,N/A,ADT,Alianza Atlético,Daniel Ureta,13,2.14,0.79,2.12,0.88,0,1,1,0,0,0,"","56",9,1,1,0,3,0,0,1,0,3,17,7,4,3,13,4,11,8,73,27,1.77,0.80,2.03,0.93,2.18,47,75,39,14,0,33,68,29,75,8.07,4.86,1.55,3.90,6.00,1.29,1.95,3.60,7.50,2.00,1.73,Estadio Municipal Unión de Tarma (Tarma)
1727562600,Sep 28 2024 - 10:30pm,complete,N/A,Cienciano,Real Garcilaso,Michael Espinoza,13,1.71,1.07,1.76,1.24,1,2,3,3,1,2,"32","42,45",4,1,1,0,2,0,1,0,0,2,10,7,4,5,6,2,9,19,65,35,1.38,1.05,1.47,1.06,2.61,50,75,47,33,11,40,79,40,72,8.21,5.35,2.60,2.90,2.50,1.33,2.20,4.00,8.00,1.83,1.83,Estadio Inca Garcilaso de la Vega (Cusco)
1727573400,Sep 29 2024 - 1:30am,complete,N/A,Alianza Lima,Melgar,Roberto Pérez Gutierrez,13,2.43,1.36,2.24,1.53,1,1,2,1,0,1,"53","31",1,2,3,0,3,0,1,2,0,3,6,8,4,4,2,4,17,17,57,43,1.64,1.28,1.16,1.16,2.90,54,79,61,29,14,40,71,54,83,12.36,4.29,1.67,3.50,5.75,1.33,2.15,4.00,8.00,2.10,1.67,Estadio Alejandro Villanueva (Lima)
1727625600,Sep 29 2024 - 4:00pm,complete,N/A,Sporting Cristal,César Vallejo,Jordi Estanley Espinoza Valles,13,2.64,0.29,2.71,0.24,4,1,5,3,2,1,"7,30,59,90'7","35",8,3,1,0,3,0,0,1,1,2,11,6,5,3,6,3,14,13,43,57,1.69,0.76,1.27,0.91,3.04,43,75,54,39,18,47,71,43,75,10.43,4.36,1.39,4.33,6.30,1.14,1.57,2.60,4.80,1.73,2.00,Estadio Alberto Gallardo (Lima)
1727633700,Sep 29 2024 - 6:15pm,complete,N/A,Los Chankas,Deportivo Garcilaso,Joel Alarcón,13,1.79,0.79,1.88,0.76,1,0,1,1,1,0,"17","",3,8,0,0,2,0,0,0,1,1,12,13,6,7,6,6,14,12,61,39,1.53,1.08,1.45,1.65,2.61,40,79,40,25,11,25,61,61,86,10.57,5.43,1.90,3.30,4.20,1.30,1.85,3.30,6.50,1.73,2.00,Estadio Los Chankas (Andahuaylas)
1727640000,Sep 29 2024 - 8:00pm,complete,N/A,Carlos Manucci,Sport Huancayo,Micke Palomino,13,1.21,0.64,1.24,0.76,1,2,3,2,1,1,"36","28,90'6",6,2,0,1,2,0,0,1,0,2,13,8,5,5,8,3,20,17,56,44,1.23,0.90,1.59,1.00,2.79,50,83,54,36,14,36,64,50,86,8.93,5.35,2.10,3.50,3.30,1.25,1.85,3.30,7.00,1.73,2.00,Estadio Mansiche (Trujillo)
1727641800,Sep 29 2024 - 8:30pm,complete,N/A,Comerciantes Unidos,Universitario,Kevin Ortega,13,1.57,1.57,1.41,1.53,0,2,2,1,0,1,"","12,54",5,8,1,0,1,0,1,0,0,1,6,12,1,7,5,5,11,8,51,49,1.08,1.28,0.69,1.63,2.29,54,68,47,25,7,33,72,40,64,7.43,5.07,7.50,4.50,1.42,1.29,2.00,3.20,5.75,2.25,1.57,Estadio Juan Maldonado Gamarra (Cutervo)
1727719200,Sep 30 2024 - 6:00pm,complete,N/A,Atlético Grau,UTC Cajamarca,Alejandro Villanueva Ponce,13,1.64,0.36,1.76,0.35,4,0,4,1,1,0,"30,56,89,90'4","",2,0,1,0,0,1,0,1,0,1,16,4,9,2,7,2,12,6,70,30,1.43,1.06,2.03,0.53,2.04,47,75,25,11,0,14,50,43,86,10.79,3.72,1.62,3.55,5.01,1.29,2.10,3.60,7.50,2.10,1.67,Estadio Municipal de Bernal (Humay)
1729188000,Oct 17 2024 - 6:00pm,complete,N/A,Unión Comercio,Comerciantes Unidos,Fernando Legario,14,0.73,0.73,0.82,0.65,3,2,5,2,1,1,"27,55,65","45'3,50",8,4,1,0,1,0,0,1,1,0,9,7,4,1,5,6,5,12,51,49,1.12,0.87,0.00,0.00,3.24,63,90,70,40,14,50,83,54,90,7.26,5.53,2.12,3.30,3.08,0.00,1.70,0.00,0.00,1.57,2.25,Estadio Municipal Carlos Vidaurre García (Tarapoto)
1729196100,Oct 17 2024 - 8:15pm,complete,N/A,Real Garcilaso,Los Chankas,Roberto Pérez Gutierrez,14,2.40,0.47,2.29,0.41,2,1,3,0,0,0,"64,86","78",7,8,1,0,0,0,1,0,0,0,8,11,3,5,5,6,8,9,53,47,1.34,0.92,0.00,0.00,2.74,57,90,57,20,10,50,87,34,84,8.93,4.60,1.40,4.50,7.25,0.00,1.67,2.28,0.00,1.83,1.83,Estadio Inca Garcilaso de la Vega (Cusco)
1729206000,Oct 17 2024 - 11:00pm,complete,N/A,Sport Huancayo,Atlético Grau,Jesús Cartagena,14,1.67,1.00,1.47,1.24,1,3,4,1,0,1,"87","41,50,56",7,1,0,0,4,0,0,0,2,2,15,5,6,4,9,1,10,12,62,38,1.58,1.01,1.71,0.70,2.07,44,60,37,20,4,14,50,47,80,8.34,3.47,1.90,3.25,4.15,0.00,2.15,0.00,4.63,2.00,1.73,Estadio Huancayo (Huancayo)
1729274400,Oct 18 2024 - 6:00pm,complete,N/A,Sport Boys,Melgar,Micke Palomino,14,1.67,1.33,1.53,1.53,0,2,2,2,0,2,"","2,7",9,6,2,0,2,0,1,1,2,0,10,5,4,3,6,2,11,13,58,42,1.20,1.28,0.00,0.00,2.84,60,83,57,27,10,44,67,40,80,11.00,5.07,3.60,2.95,2.20,0.00,2.10,0.00,0.00,1.83,1.83,Estadio Miguel Grau del Callao (Callao)
1729281600,Oct 18 2024 - 8:00pm,complete,N/A,UTC Cajamarca,Alianza Lima,Michael Espinoza,14,1.60,1.67,1.47,1.82,0,1,1,0,0,0,"","60",3,8,0,0,0,0,0,0,0,0,7,11,3,7,4,4,11,10,41,59,1.45,1.22,0.00,0.00,2.93,50,80,57,34,17,27,67,54,90,10.60,4.67,3.88,3.19,1.80,1.50,2.15,0.00,0.00,1.91,1.80,Estadio Municipal Germán Contreras Jara (Cajabamba)
1729290600,Oct 18 2024 - 10:30pm,complete,N/A,César Vallejo,Cienciano,Diego Mirko Haro Sueldo,14,1.67,1.40,1.53,1.29,2,2,4,1,1,0,"15,88","70,90'5",3,4,3,0,3,0,2,1,0,3,7,3,4,0,3,3,14,11,46,54,1.35,0.96,0.00,0.00,2.50,60,80,47,20,10,34,74,40,67,10.33,5.93,1.72,3.60,4.75,0.00,2.08,4.79,0.00,1.91,1.80,N/A
1729299600,Oct 19 2024 - 1:00am,complete,N/A,Deportivo Garcilaso,Carlos Manucci,N/A,N/A,1.40,0.47,1.41,0.59,1,0,1,1,1,0,"20","",7,4,2,0,3,1,1,1,1,3,18,13,7,3,11,10,10,10,45,55,1.62,1.01,1.92,1.29,2.70,37,74,47,34,10,30,60,50,73,9.00,6.20,1.50,3.95,6.08,4.06,1.85,0.00,0.00,1.83,1.83,N/A
1729359900,Oct 19 2024 - 5:45pm,complete,N/A,Alianza Atlético,Sporting Cristal,Joel Alarcón,14,1.53,1.67,1.71,1.65,1,0,1,1,1,0,"41","",4,11,2,0,0,0,0,2,0,0,9,11,4,6,5,5,13,14,30,70,1.20,1.17,1.10,1.60,2.67,57,83,50,27,10,40,84,34,77,8.07,5.06,3.50,3.58,1.98,2.95,1.81,3.60,7.00,1.67,2.10,Estadio Campeones del '36 (Sullana)
1729384200,Oct 20 2024 - 12:30am,complete,N/A,Universitario,ADT,Augusto Menéndez,14,3.00,0.93,3.00,0.88,2,1,3,1,1,0,"29,53","57",4,1,4,0,2,0,0,4,2,0,12,6,3,2,9,4,15,11,44,56,1.75,1.03,1.16,0.76,2.77,37,64,47,37,20,30,60,50,84,10.27,4.80,1.28,5.00,8.50,1.25,1.75,3.00,5.50,2.20,1.62,Estadio Monumental (Lima)
1729620000,Oct 22 2024 - 6:00pm,complete,N/A,Atlético Grau,Deportivo Garcilaso,Augusto Menéndez,15,1.73,0.73,1.76,0.76,2,2,4,2,1,1,"31,86","16,83",11,2,3,1,2,0,0,4,1,1,10,2,5,2,5,0,12,10,66,34,1.47,1.12,0.00,0.00,2.30,40,70,40,24,4,20,60,47,84,9.94,4.73,1.67,3.67,4.87,0.00,1.94,0.00,0.00,2.00,1.73,Estadio Campeones del '36 (Sullana)
1729628100,Oct 22 2024 - 8:15pm,complete,N/A,Los Chankas,César Vallejo,Jesús Cartagena,15,1.87,0.27,1.88,0.24,2,1,3,1,1,0,"19,73","88",7,2,3,0,2,0,1,2,1,1,11,4,5,2,6,2,15,14,55,45,1.52,0.77,1.45,0.60,2.60,44,77,37,24,13,37,70,50,70,10.66,4.27,1.80,3.49,4.23,1.32,1.95,3.50,6.50,1.85,1.95,Estadio Los Chankas (Andahuaylas)
1729638000,Oct 22 2024 - 11:00pm,complete,N/A,Melgar,UTC Cajamarca,Fernando Legario,15,2.67,0.33,2.59,0.35,1,0,1,0,0,0,"79","",12,1,2,0,2,0,0,2,0,2,14,3,7,0,7,3,5,12,74,26,1.79,1.02,1.94,0.34,2.43,40,77,34,20,10,24,57,47,90,9.93,4.66,1.20,5.97,13.36,1.20,1.64,2.80,5.00,2.30,1.60,Estadio de la Universidad Nacional San Agustín (Arequipa)
1729646100,Oct 23 2024 - 1:15am,complete,N/A,Alianza Lima,Sport Huancayo,Daniel Ureta,15,2.33,0.80,2.24,0.76,2,1,3,3,2,1,"1,21","30",6,3,1,0,3,0,0,1,1,2,18,11,7,4,11,7,12,10,51,49,1.60,0.91,1.98,1.32,2.70,43,77,54,23,17,34,70,47,87,10.27,4.93,1.19,6.13,12.96,1.20,1.61,2.70,5.00,2.50,1.52,Estadio Alejandro Villanueva (Lima)
1729714500,Oct 23 2024 - 8:15pm,complete,N/A,ADT,Unión Comercio,Diego Mirko Haro Sueldo,15,2.00,0.20,2.12,0.18,2,0,2,0,0,0,"79,85","",7,1,2,0,0,0,0,2,0,0,19,4,9,2,10,2,13,6,70,30,1.79,0.83,2.40,0.43,2.47,54,70,50,27,4,30,70,37,80,8.20,4.40,1.34,4.96,7.83,1.18,1.57,2.49,4.50,2.00,1.73,Estadio Municipal Unión de Tarma (Tarma)
1729722600,Oct 23 2024 - 10:30pm,complete,N/A,Cienciano,Alianza Atlético,Micke Palomino,15,1.60,0.93,1.76,0.88,3,0,3,2,2,0,"3,42,63","",6,6,3,0,1,0,2,1,0,1,6,12,4,5,2,7,17,9,52,48,1.38,0.81,0.89,1.37,2.00,44,60,34,20,4,34,57,24,64,7.00,6.00,1.55,3.51,5.95,1.35,2.17,3.70,7.80,2.20,1.62,Estadio Inca Garcilaso de la Vega (Cusco)
1729731600,Oct 24 2024 - 1:00am,complete,N/A,Carlos Manucci,Real Garcilaso,Joel Alarcón,N/A,1.13,1.20,1.24,1.24,4,1,5,3,2,1,"7,16,53,56","32",4,8,1,0,2,0,0,1,2,0,14,6,11,3,3,3,8,12,33,67,1.25,1.05,1.90,0.84,2.74,50,84,53,30,10,44,80,37,77,9.00,5.34,2.56,3.64,2.42,1.30,1.86,3.40,6.50,1.72,2.10,N/A
1729733400,Oct 24 2024 - 1:30am,complete,N/A,Sporting Cristal,Universitario,Roberto Pérez Gutierrez,15,2.67,1.67,2.71,1.53,2,1,3,1,1,0,"29,67","86",3,5,3,0,2,0,1,2,2,0,6,12,4,2,2,10,17,9,38,62,1.66,1.31,0.87,1.36,2.83,44,74,53,37,17,40,67,43,77,10.00,3.94,2.68,2.58,3.16,1.30,2.07,3.40,7.70,1.73,2.00,Estadio Nacional de Lima (Lima)
1729800000,Oct 24 2024 - 8:00pm,complete,N/A,Comerciantes Unidos,Sport Boys,Julio César Quiróz,15,1.47,0.53,1.41,0.53,0,0,0,0,0,0,"","",4,1,1,0,2,0,1,0,1,1,9,9,3,3,6,6,12,11,63,37,1.05,0.90,1.11,1.02,2.70,47,77,53,33,13,30,80,44,77,7.20,5.73,2.05,3.30,3.65,1.38,2.15,3.75,8.00,1.88,1.90,Estadio Municipal Germán Contreras Jara (Cajabamba)
1729983600,Oct 26 2024 - 11:00pm,complete,N/A,Deportivo Garcilaso,Alianza Lima,Micke Palomino,16,1.50,1.75,1.41,1.82,1,2,3,0,0,0,"90'1","54,72",1,3,0,0,3,0,0,0,2,1,10,8,3,4,7,4,14,8,41,59,1.64,1.22,1.00,1.05,2.32,35,66,41,25,6,25,50,47,82,11.75,5.06,3.75,3.14,2.03,1.84,2.24,0.00,0.00,2.00,1.73,N/A
1729992600,Oct 27 2024 - 1:30am,complete,N/A,César Vallejo,Carlos Manucci,Michael Espinoza,16,1.63,0.44,1.53,0.59,0,2,2,2,0,2,"","17,45'2",9,3,0,0,2,0,0,0,0,2,15,7,7,4,8,3,12,12,60,40,1.35,1.03,1.79,0.91,2.78,47,75,53,38,13,35,69,50,66,8.38,6.44,1.47,3.63,5.45,1.36,1.74,3.75,7.50,1.83,1.83,Estadio Mansiche (Trujillo)
1730052000,Oct 27 2024 - 6:00pm,complete,N/A,Unión Comercio,Sporting Cristal,Jesús Cartagena,N/A,0.88,1.56,0.82,1.65,0,12,12,7,0,7,"","3,7,10,18,22,37,43,46,53,67,69,85",3,2,0,0,0,0,0,0,0,0,1,18,1,15,0,3,6,10,48,52,1.12,1.20,0.27,2.38,3.28,75,91,72,44,16,57,88,54,88,10.01,4.32,7.21,4.46,1.32,1.16,1.65,2.30,4.00,1.91,1.80,N/A
1730052000,Oct 27 2024 - 6:00pm,complete,N/A,Sport Boys,UTC Cajamarca,Joel Alarcón,16,1.56,0.31,1.53,0.35,1,1,2,0,0,0,"49","74",2,3,2,1,1,0,0,3,0,1,8,16,3,4,5,12,13,15,55,45,1.20,0.98,0.90,1.48,2.22,38,75,32,13,3,25,54,35,82,10.25,5.25,1.73,3.28,4.42,1.36,2.03,3.75,7.50,1.91,1.80,Estadio Miguel Grau del Callao (Callao)
1730060100,Oct 27 2024 - 8:15pm,complete,N/A,Sport Huancayo,Melgar,N/A,16,1.56,1.44,1.47,1.53,2,4,6,3,1,2,"7,89","13,34,51,67",2,4,0,0,0,0,0,0,0,0,15,15,5,9,10,6,5,5,54,46,1.59,1.28,1.51,1.80,2.85,63,85,54,35,7,35,66,60,88,9.75,3.81,3.43,3.43,1.93,1.36,2.05,3.75,8.00,2.00,1.73,Estadio Huancayo (Huancayo)
1730070000,Oct 27 2024 - 11:00pm,complete,N/A,Universitario,Cienciano,Fernando Legario,16,3.00,1.38,3.00,1.29,3,1,4,3,3,0,"16,35,44","50",7,1,2,0,2,0,1,1,1,1,19,5,7,2,12,3,10,12,52,48,1.71,0.96,2.06,0.57,2.69,44,76,50,22,13,28,72,47,82,10.63,5.25,1.22,5.00,10.06,0.00,1.75,0.00,0.00,2.38,1.53,Estadio Monumental (Lima)
1730138400,Oct 28 2024 - 6:00pm,complete,N/A,Alianza Atlético,Los Chankas,Daniel Ureta,16,1.63,0.44,1.71,0.41,1,0,1,1,1,0,"13","",2,2,3,0,5,0,0,3,1,4,8,6,6,2,2,4,21,18,50,50,1.20,0.92,1.14,0.78,2.38,50,82,44,16,7,32,79,35,79,7.88,4.82,1.64,3.76,5.15,1.18,1.73,2.58,4.55,1.72,2.00,Estadio Campeones del '36 (Sullana)
1730147400,Oct 28 2024 - 8:30pm,complete,N/A,Comerciantes Unidos,ADT,Roberto Pérez Gutierrez,16,1.44,0.88,1.41,0.88,0,0,0,0,0,0,"","",1,9,1,0,1,0,1,0,1,0,8,12,2,4,6,8,17,14,49,51,1.06,1.01,0.89,1.56,2.63,56,69,50,35,16,28,72,47,72,7.75,5.32,3.20,3.60,2.10,1.24,1.90,2.97,5.55,1.73,2.00,Estadio Municipal Germán Contreras Jara (Cajabamba)
1730158200,Oct 28 2024 - 11:30pm,complete,N/A,Real Garcilaso,Atlético Grau,Jordi Estanley Espinoza Valles,N/A,2.44,1.13,2.29,1.24,0,1,1,1,0,1,"","30",6,1,3,0,3,0,1,2,1,2,15,4,3,2,12,2,18,14,63,37,1.34,0.99,1.40,0.55,2.26,47,69,47,16,6,25,63,35,75,8.56,4.00,1.63,3.82,5.15,1.26,1.94,3.14,5.85,1.92,1.79,N/A
1730413800,Oct 31 2024 - 10:30pm,complete,N/A,Cienciano,Unión Comercio,Jordi Estanley Espinoza Valles,17,1.69,0.19,1.76,0.18,7,0,7,2,2,0,"14,25,49,68,77,87,89","",7,0,1,0,1,0,1,0,1,0,26,4,14,0,12,4,9,12,71,29,1.35,0.80,2.99,0.34,2.38,50,63,47,31,6,35,63,35,69,7.00,5.44,1.01,10.75,30.81,1.01,1.07,1.30,1.48,2.55,1.42,Estadio Inca Garcilaso de la Vega (Cusco)
1730491200,Nov 01 2024 - 8:00pm,complete,N/A,ADT,Sport Boys,Julio César Quiróz,17,2.06,0.56,2.12,0.53,1,0,1,0,0,0,"72","",6,2,0,0,1,0,0,0,0,1,16,7,4,1,12,6,3,10,66,34,1.83,0.91,0.00,0.00,2.60,44,82,50,25,7,28,72,47,85,8.50,4.26,1.44,4.08,5.90,1.24,1.73,2.85,5.00,1.95,1.85,Estadio Municipal Unión de Tarma (Tarma)
1730578500,Nov 02 2024 - 8:15pm,complete,N/A,UTC Cajamarca,Sport Huancayo,Diego Mirko Haro Sueldo,17,1.50,0.75,1.47,0.76,1,1,2,0,0,0,"90'5","74",3,5,2,1,4,0,0,3,2,2,8,7,3,3,5,4,12,12,49,51,1.45,0.93,1.10,0.96,3.10,60,85,60,35,22,35,75,47,88,9.01,4.69,1.38,4.25,8.05,1.30,1.92,3.40,6.50,2.10,1.72,Estadio Municipal Germán Contreras Jara (Cajabamba)
1730578500,Nov 02 2024 - 8:15pm,complete,N/A,Atlético Grau,César Vallejo,Joel Alarcón,17,1.69,0.25,1.76,0.24,3,1,4,3,3,0,"18,32,45'1","84",1,1,0,0,2,0,0,0,0,2,13,8,7,5,6,3,10,10,56,44,1.47,0.76,1.48,1.06,2.47,50,75,44,25,7,35,69,44,75,10.19,4.00,1.90,3.50,3.70,1.33,2.10,3.75,7.50,1.91,1.80,Estadio Campeones del '36 (Sullana)
1730578500,Nov 02 2024 - 8:15pm,complete,N/A,Carlos Manucci,Alianza Atlético,Jesús Cartagena,N/A,1.25,0.88,1.24,0.88,2,2,4,1,1,0,"41,55","63,90'3",7,1,3,0,4,0,0,3,1,3,15,14,7,7,8,7,14,16,45,55,1.29,0.85,1.68,1.59,2.22,41,69,41,22,7,38,60,25,75,8.13,5.87,1.44,4.32,6.34,1.29,1.74,3.60,7.50,2.06,1.72,N/A
1730649600,Nov 03 2024 - 4:00pm,complete,N/A,Sporting Cristal,Comerciantes Unidos,N/A,17,2.69,0.69,2.71,0.65,3,0,3,1,1,0,"41,73,85","",9,1,0,0,3,0,0,0,2,1,19,6,15,2,4,4,14,13,67,33,1.62,0.87,2.73,0.63,3.54,53,85,72,50,28,53,85,50,85,8.75,5.13,1.11,7.10,15.00,1.12,1.40,1.88,3.40,2.15,1.68,Estadio Alberto Gallardo (Lima)
1730664000,Nov 03 2024 - 8:00pm,complete,N/A,Melgar,Deportivo Garcilaso,Michael Espinoza,N/A,2.69,0.75,2.59,0.76,1,1,2,2,1,1,"35","42",8,2,0,0,2,0,0,0,1,1,26,8,11,2,15,6,8,9,76,24,1.80,1.12,2.90,0.79,2.57,38,69,44,28,13,32,63,47,88,9.94,5.62,1.22,6.25,10.00,1.20,1.57,2.70,5.00,2.20,1.62,N/A
1730664000,Nov 03 2024 - 8:00pm,complete,N/A,Alianza Lima,Real Garcilaso,Fernando Legario,17,2.38,1.13,2.24,1.24,1,2,3,0,0,0,"88","79,81",10,4,2,0,2,0,1,1,0,2,25,4,8,2,17,2,9,17,55,45,1.63,1.04,2.66,0.49,2.72,44,79,53,22,16,41,85,38,75,10.62,4.88,1.09,9.50,23.00,1.11,1.40,2.00,3.30,2.45,1.55,Estadio Alejandro Villanueva (Lima)
1730664000,Nov 03 2024 - 8:00pm,complete,N/A,Los Chankas,Universitario,Micke Palomino,N/A,1.94,1.56,1.88,1.53,0,0,0,0,0,0,"","",1,9,1,0,0,0,0,1,0,0,3,12,2,3,1,9,15,9,51,49,1.52,1.31,0.50,1.28,2.32,44,75,38,16,7,25,66,51,72,10.31,3.94,7.20,4.85,1.39,1.20,1.73,2.88,5.50,1.94,1.82,N/A
