timestamp,date_GMT,status,attendance,home_team_name,away_team_name,referee,Game Week,Pre-Match PPG (Home),Pre-Match PPG (Away),home_ppg,away_ppg,home_team_goal_count,away_team_goal_count,total_goal_count,total_goals_at_half_time,home_team_goal_count_half_time,away_team_goal_count_half_time,home_team_goal_timings,away_team_goal_timings,home_team_corner_count,away_team_corner_count,home_team_yellow_cards,home_team_red_cards,away_team_yellow_cards,away_team_red_cards,home_team_first_half_cards,home_team_second_half_cards,away_team_first_half_cards,away_team_second_half_cards,home_team_shots,away_team_shots,home_team_shots_on_target,away_team_shots_on_target,home_team_shots_off_target,away_team_shots_off_target,home_team_fouls,away_team_fouls,home_team_possession,away_team_possession,Home Team Pre-Match xG,Away Team Pre-Match xG,team_a_xg,team_b_xg,average_goals_per_match_pre_match,btts_percentage_pre_match,over_15_percentage_pre_match,over_25_percentage_pre_match,over_35_percentage_pre_match,over_45_percentage_pre_match,over_15_HT_FHG_percentage_pre_match,over_05_HT_FHG_percentage_pre_match,over_15_2HG_percentage_pre_match,over_05_2HG_percentage_pre_match,average_corners_per_match_pre_match,average_cards_per_match_pre_match,odds_ft_home_team_win,odds_ft_draw,odds_ft_away_team_win,odds_ft_over15,odds_ft_over25,odds_ft_over35,odds_ft_over45,odds_btts_yes,odds_btts_no,stadium_name
1738958400,Feb 07 2025 - 8:00pm,complete,N/A,Sport Huancayo,Alianza Atlético,N/A,1,0.00,0.00,1.37,1.63,2,1,3,2,2,0,"31,45'3","51",4,3,5,0,2,0,1,4,0,2,14,9,4,3,10,6,12,14,47,53,0.00,0.00,1.45,1.04,0.00,0,0,0,0,0,0,0,0,0,0.00,0.00,1.50,4.00,6.50,1.42,2.20,3.53,7.36,2.38,1.53,Estadio Huancayo
1739037600,Feb 08 2025 - 6:00pm,complete,N/A,Melgar,UTC Cajamarca,N/A,1,0.00,0.00,1.60,0.92,3,0,3,1,1,0,"77,49,14","",5,9,2,0,2,0,0,2,0,2,12,15,5,2,7,13,16,12,58,42,0.00,0.00,1.45,1.33,0.00,0,0,0,0,0,0,0,0,0,0.00,0.00,1.17,7.00,12.00,1.12,1.57,2.21,3.78,2.50,1.50,N/A
1739045700,Feb 08 2025 - 8:15pm,complete,N/A,Atlético Grau,Ayacucho,N/A,1,0.00,0.00,1.09,0.83,1,0,1,1,1,0,"9","",3,1,0,0,2,1,0,0,1,2,9,4,2,2,7,2,14,13,48,52,0.00,0.00,1.06,0.73,0.00,0,0,0,0,0,0,0,0,0,0.00,0.00,1.33,5.25,8.00,2.70,1.67,2.65,4.70,2.00,1.73,N/A
1739059200,Feb 09 2025 - 12:00am,complete,N/A,Alianza Lima,Real Garcilaso,Daniel Ureta,1,0.00,0.00,1.89,1.97,3,0,3,2,2,0,"18,9,55","",8,3,0,0,2,1,0,0,0,3,24,6,6,3,18,3,15,12,41,59,0.00,0.00,2.25,0.76,0.00,0,0,0,0,0,0,0,0,0,0.00,0.00,1.38,4.50,8.00,1.22,1.85,2.83,5.15,2.10,1.67,Estadio Alejandro Villanueva
1739124000,Feb 09 2025 - 6:00pm,complete,N/A,Alianza Universidad,Sporting Cristal,N/A,1,0.00,0.00,0.80,1.74,2,2,4,4,2,2,"27,39","10,45'5",7,7,2,0,1,0,0,2,0,1,13,9,3,5,10,4,11,14,59,41,0.00,0.00,1.24,1.15,0.00,0,0,0,0,0,0,0,0,0,0.00,0.00,4.33,3.40,1.90,1.29,2.00,3.33,3.52,1.80,1.91,Estadio Heraclio Tapia León
1739131200,Feb 09 2025 - 8:00pm,complete,N/A,Sport Boys,Juan Pablo II College,N/A,1,0.00,0.00,1.03,0.94,1,0,1,0,0,0,"61","",3,1,2,0,1,0,0,2,0,1,17,9,4,1,13,8,14,15,53,47,0.00,0.00,1.65,0.76,0.00,0,0,0,0,0,0,0,0,0,0.00,0.00,1.57,4.10,5.25,1.36,2.10,3.71,6.84,2.20,1.62,Estadio Miguel Grau del Callao
1739133000,Feb 09 2025 - 8:30pm,complete,N/A,Comerciantes Unidos,Universitario,N/A,1,0.00,0.00,1.06,2.26,1,1,2,0,0,0,"90'4","66",0,8,2,0,0,0,0,2,0,0,7,23,2,9,5,14,12,12,40,60,0.00,0.00,0.79,2.43,0.00,0,0,0,0,0,0,0,0,0,0.00,0.00,7.00,3.40,1.57,3.62,2.40,4.10,8.50,2.38,1.53,Estadio Juan Maldonado Gamarra
1739142000,Feb 09 2025 - 11:00pm,complete,N/A,Cienciano,ADT,N/A,1,0.00,0.00,1.43,1.40,2,2,4,0,0,0,"47,88","82,90'2",8,2,1,0,4,0,1,0,1,3,16,17,3,5,13,12,10,8,47,53,0.00,0.00,1.53,1.76,0.00,0,0,0,0,0,0,0,0,0,0.00,0.00,2.00,3.50,3.50,1.28,2.00,3.55,7.50,1.83,1.83,Estadio Inca Garcilaso de la Vega
1739217600,Feb 10 2025 - 8:00pm,complete,N/A,Los Chankas,Deportivo Garcilaso,N/A,1,0.00,0.00,1.43,1.49,2,2,4,2,1,1,"35,90'4","66,21",4,2,2,0,4,0,1,1,2,2,11,9,2,5,9,4,17,13,60,40,0.00,0.00,1.10,1.15,0.00,0,0,0,0,0,0,0,0,0,0.00,0.00,2.70,3.10,2.70,1.28,1.90,2.92,5.75,1.67,2.10,Estadio Los Chankas
1739572200,Feb 14 2025 - 10:30pm,complete,N/A,Real Garcilaso,Melgar,N/A,2,0.00,3.00,1.97,1.60,0,1,1,1,0,1,"","42",2,4,0,0,2,0,0,0,1,1,11,18,2,5,9,13,12,13,64,36,0.76,1.45,1.08,1.78,3.00,0,100,100,0,0,50,100,50,100,8.00,5.00,2.80,3.30,2.40,2.89,1.75,2.75,5.00,1.57,2.25,Estadio Inca Garcilaso de la Vega
1739635200,Feb 15 2025 - 4:00pm,complete,N/A,UTC Cajamarca,Deportivo Binacional,N/A,2,0.00,0.00,0.92,1.00,0,4,4,0,0,0,"","59,62,82,90'7",5,3,0,0,3,0,0,0,0,3,13,19,2,8,11,11,8,13,57,43,1.33,0.00,1.34,2.00,1.50,0,50,50,0,0,0,50,50,50,9.00,2.00,1.67,3.50,5.50,1.34,2.10,3.50,6.75,2.10,1.67,N/A
1739642400,Feb 15 2025 - 6:00pm,complete,N/A,ADT,Atlético Grau,N/A,2,1.00,3.00,1.40,1.09,4,3,7,2,1,1,"22,63,56,72","21,47,80",2,6,1,0,1,0,0,1,0,1,10,12,5,6,5,6,16,9,48,52,1.76,1.06,1.22,1.42,2.50,50,50,50,50,0,0,50,50,50,5.00,4.00,1.67,3.70,5.25,1.35,2.10,3.65,7.40,2.00,1.73,N/A
1739651400,Feb 15 2025 - 8:30pm,complete,N/A,Alianza Atlético,Alianza Lima,N/A,2,0.00,3.00,1.63,1.89,3,1,4,1,0,1,"48,69,82","18",3,7,4,0,2,0,1,3,0,2,9,17,6,5,3,12,17,8,37,63,1.04,2.25,1.13,1.83,3.00,50,100,100,0,0,100,100,0,100,11.00,2.00,5.25,3.40,1.70,1.52,2.50,5.00,11.00,2.38,1.53,N/A
1739665800,Feb 16 2025 - 12:30am,complete,N/A,Universitario,Cienciano,Roberto Pérez Gutierrez,2,1.00,1.00,2.26,1.43,3,2,5,2,1,1,"18,51,77","41,60",5,6,3,0,3,0,2,1,1,2,18,9,6,3,12,6,9,12,61,39,2.43,1.53,1.92,0.92,3.00,100,100,50,50,0,0,0,100,100,16.00,1.00,1.25,5.00,15.00,1.27,1.80,3.05,5.80,2.63,1.44,Estadio Monumental
1739721600,Feb 16 2025 - 4:00pm,complete,N/A,Sporting Cristal,Sport Boys,N/A,2,1.00,3.00,1.74,1.03,2,1,3,1,1,0,"38,65","56",10,2,5,1,6,0,1,5,3,3,27,12,8,3,19,9,17,16,53,47,1.15,1.65,2.65,1.16,2.50,50,50,50,50,0,50,50,0,50,10.00,3.00,1.38,4.33,8.00,1.21,1.65,2.65,4.70,1.83,1.83,Estadio Alberto Gallardo
1739729700,Feb 16 2025 - 6:15pm,complete,N/A,Juan Pablo II College,Sport Huancayo,N/A,2,0.00,3.00,0.94,1.37,0,1,1,0,0,0,"","56",1,7,1,1,1,0,0,2,0,1,7,12,1,4,6,8,12,16,51,49,0.76,1.45,0.77,1.31,2.00,50,50,50,0,0,50,50,0,100,5.00,6.00,2.80,3.10,2.60,1.36,2.15,3.71,7.36,1.83,1.83,Estadio Heraclio Tapia León
1739737800,Feb 16 2025 - 8:30pm,complete,N/A,Deportivo Garcilaso,Comerciantes Unidos,N/A,2,1.00,1.00,1.49,1.06,2,1,3,2,1,1,"61,21","40",3,2,2,0,4,1,1,1,1,4,10,9,4,3,6,6,15,24,47,53,1.15,0.79,1.17,0.94,3.00,100,100,50,50,0,50,50,100,100,2.00,6.00,1.30,5.25,9.00,1.23,1.73,2.70,4.80,2.25,1.57,Estadio Inca Garcilaso de la Vega
1739822400,Feb 17 2025 - 8:00pm,complete,N/A,Ayacucho,Alianza Universidad,N/A,2,0.00,1.00,0.83,0.80,3,2,5,3,2,1,"4,26,54","67,24",1,8,3,0,0,0,0,3,0,0,10,10,3,5,7,5,15,3,23,77,0.73,1.24,0.99,1.43,2.50,50,50,50,50,0,50,100,0,0,8.00,5.00,2.60,2.88,2.90,1.31,2.10,3.60,7.10,1.83,1.83,Estadio Ciudad de Cumaná
1740186000,Feb 22 2025 - 1:00am,complete,N/A,Alianza Lima,Juan Pablo II College,N/A,3,1.50,0.00,1.89,0.94,1,0,1,1,1,0,"33","",7,7,4,0,2,0,0,4,2,0,22,9,6,4,16,5,13,9,57,43,2.04,0.77,2.17,1.14,2.25,25,50,50,25,0,25,50,25,100,8.50,3.00,1.20,5.50,11.00,1.19,1.65,2.65,4.47,2.20,1.62,Estadio Alejandro Villanueva
1740247200,Feb 22 2025 - 6:00pm,complete,N/A,Comerciantes Unidos,Los Chankas,N/A,3,0.50,1.00,1.06,1.43,1,1,2,0,0,0,"83","47",6,3,3,1,1,0,0,4,0,1,14,12,3,4,11,8,12,14,55,45,0.86,1.10,1.48,1.23,3.25,100,100,75,50,0,75,75,75,100,5.00,5.50,2.25,3.20,3.20,1.32,2.08,3.40,6.50,1.83,1.83,Estadio Juan Maldonado Gamarra
1740254400,Feb 22 2025 - 8:00pm,complete,N/A,Sport Boys,Ayacucho,N/A,3,1.50,1.50,1.03,0.83,2,1,3,2,2,0,"30,28","47",5,2,2,0,3,0,1,1,0,3,14,10,6,5,8,5,15,12,59,41,1.40,0.86,1.62,1.10,2.50,50,50,50,25,25,25,75,50,75,3.50,7.00,1.67,3.80,4.75,1.29,1.95,3.33,6.23,1.91,1.80,Estadio Miguel Grau del Callao
1740256200,Feb 22 2025 - 8:30pm,complete,N/A,Sport Huancayo,Sporting Cristal,N/A,3,3.00,2.00,1.37,1.74,0,1,1,0,0,0,"","68",7,4,2,0,1,0,0,2,0,1,16,8,4,1,12,7,10,14,51,49,1.38,1.90,1.64,0.74,2.75,75,75,75,25,0,50,75,25,75,14.00,7.00,2.50,3.40,2.63,1.25,1.80,2.97,5.54,1.67,2.10,Estadio Huancayo
1740268800,Feb 23 2025 - 12:00am,complete,N/A,Cienciano,Deportivo Garcilaso,Diego Mirko Haro Sueldo,3,0.50,2.00,1.43,1.49,2,3,5,3,1,2,"22,82","16,45,68",4,4,1,0,5,1,1,0,1,5,19,14,5,5,14,9,11,11,69,31,1.23,1.16,1.92,1.41,4.00,100,100,100,75,25,75,75,75,100,9.50,5.00,2.45,3.20,2.80,1.30,2.00,3.20,6.25,1.73,2.00,Estadio Inca Garcilaso de la Vega
1740333600,Feb 23 2025 - 6:00pm,complete,N/A,Alianza Universidad,ADT,N/A,3,0.50,2.00,0.80,1.40,2,3,5,5,2,3,"39,31","16,1,44",4,3,2,0,4,0,1,1,2,2,14,12,5,7,9,5,11,22,64,36,1.33,1.49,1.76,1.72,5.00,100,100,100,100,50,75,75,75,75,9.50,3.50,2.20,3.20,3.25,1.20,1.75,2.70,4.85,1.57,2.25,Estadio Heraclio Tapia León
1740355200,Feb 24 2025 - 12:00am,complete,N/A,Melgar,Alianza Atlético,N/A,3,3.00,1.50,1.60,1.63,2,1,3,1,0,1,"90'9,84","32",6,2,2,0,6,0,1,1,3,3,20,6,7,1,13,5,12,16,74,26,1.61,1.09,2.19,0.61,2.75,50,75,75,25,0,25,100,50,75,7.50,5.00,1.33,4.75,8.50,1.23,1.75,2.70,4.80,2.10,1.67,N/A
1740438000,Feb 24 2025 - 11:00pm,complete,N/A,Deportivo Binacional,Real Garcilaso,N/A,3,3.00,0.00,1.00,1.97,1,2,3,0,0,0,"54","83,70",2,6,1,0,1,0,1,0,1,0,11,12,3,6,8,6,12,13,45,55,2.00,0.92,1.28,1.45,3.00,0,75,75,50,0,25,50,50,75,5.50,4.50,2.25,3.30,3.10,1.32,1.95,2.97,5.90,1.73,2.00,N/A
1740688200,Feb 27 2025 - 8:30pm,complete,N/A,ADT,Sport Boys,N/A,4,2.33,2.00,1.40,1.03,2,2,4,3,2,1,"7,21","76,40",2,6,2,1,3,1,0,3,2,2,14,11,8,4,6,7,24,6,36,64,1.57,1.48,1.68,1.21,3.83,84,84,84,50,34,50,67,50,84,5.66,6.33,1.44,4.50,6.50,1.21,1.85,3.08,6.15,2.10,1.67,N/A
1740772800,Feb 28 2025 - 8:00pm,complete,N/A,Deportivo Garcilaso,Atlético Grau,N/A,4,2.33,1.50,1.49,1.09,2,0,2,0,0,0,"61,73","",6,5,3,0,1,0,0,3,0,1,10,9,3,2,7,7,16,13,34,66,1.24,1.24,1.07,0.97,4.00,75,75,75,59,42,75,100,59,75,7.50,4.50,1.73,3.50,5.00,1.33,2.05,3.30,6.50,1.91,1.80,Estadio Inca Garcilaso de la Vega
1740852000,Mar 01 2025 - 6:00pm,complete,N/A,Real Garcilaso,UTC Cajamarca,N/A,4,1.00,0.00,1.97,0.92,1,1,2,1,1,0,"42","90'2",5,0,3,0,3,0,1,2,3,0,11,8,4,2,7,6,10,11,57,43,1.10,1.33,1.25,0.84,2.92,17,84,84,25,0,17,59,67,84,10.67,2.33,1.38,4.33,8.50,1.27,1.75,3.05,6.00,2.00,1.73,Estadio Inca Garcilaso de la Vega
1740861000,Mar 01 2025 - 8:30pm,complete,N/A,Alianza Atlético,Deportivo Binacional,N/A,4,1.00,1.50,1.63,1.00,4,1,5,2,2,0,"5,23,70,84","49",0,2,0,1,1,1,1,0,2,0,13,10,6,2,7,8,21,11,44,56,0.93,1.64,1.49,1.01,3.42,75,100,100,42,0,17,50,84,100,5.17,6.00,1.42,4.00,8.00,1.29,2.05,3.75,8.00,2.15,1.60,N/A
1740877200,Mar 02 2025 - 1:00am,complete,N/A,Sporting Cristal,Alianza Lima,Michael Espinoza,4,2.33,2.00,1.74,1.89,1,2,3,2,1,1,"9","28,61",8,9,3,0,1,0,1,2,1,0,11,12,3,5,8,7,15,7,55,45,1.51,2.08,1.12,1.33,2.67,50,67,67,33,0,33,84,33,67,14.33,5.00,1.85,3.40,4.50,1.31,2.00,3.35,6.80,1.83,1.83,Estadio Alberto Gallardo
1740938400,Mar 02 2025 - 6:00pm,complete,N/A,Ayacucho,Sport Huancayo,Augusto Bergelio Aragón Bautista,4,1.00,2.00,0.83,1.37,1,1,2,2,1,1,"23","45'2",2,5,5,0,1,0,0,5,1,0,10,15,1,5,9,10,10,16,51,49,0.94,1.47,0.99,1.69,2.34,50,50,50,17,17,50,67,17,84,7.33,5.67,2.63,3.50,2.45,1.35,2.10,3.70,7.60,1.83,1.83,Estadio Ciudad de Cumaná
1740956400,Mar 02 2025 - 11:00pm,complete,N/A,Universitario,Alianza Universidad,N/A,4,2.00,0.33,2.26,0.80,4,0,4,1,1,0,"2,68,85,48","",1,2,1,0,2,0,1,0,1,1,9,12,5,4,4,8,12,5,46,54,2.18,1.48,1.15,1.27,4.09,100,100,75,75,59,75,75,67,67,12.83,2.83,1.18,6.25,15.00,1.14,1.50,2.09,3.40,2.20,1.62,Estadio Monumental
1741370400,Mar 07 2025 - 6:00pm,complete,N/A,Alianza Universidad,Deportivo Garcilaso,N/A,5,0.25,2.50,0.80,1.49,0,0,0,0,0,0,"","",10,3,0,0,3,1,0,0,0,4,24,4,6,2,18,2,7,13,70,30,1.42,1.20,2.65,0.85,4.00,75,100,88,75,38,75,88,63,75,9.00,5.25,2.20,3.40,3.10,1.21,1.70,2.55,4.50,1.57,2.25,Estadio Heraclio Tapia León
1741395600,Mar 08 2025 - 1:00am,complete,N/A,Alianza Lima,Ayacucho,N/A,5,2.25,1.00,1.89,0.83,2,0,2,2,2,0,"13,41","",4,1,1,0,3,0,0,1,0,3,24,4,12,1,12,3,14,14,49,51,1.89,0.95,2.58,0.56,2.75,63,75,63,25,13,63,100,25,63,9.25,5.25,1.22,5.75,12.00,1.18,1.57,2.37,4.10,2.10,1.67,Estadio Alejandro Villanueva
1741456800,Mar 08 2025 - 6:00pm,complete,N/A,UTC Cajamarca,Alianza Atlético,N/A,5,0.33,1.50,0.92,1.63,0,0,0,0,0,0,"","",4,7,4,1,2,0,1,4,1,1,9,13,1,1,8,12,25,10,54,46,1.17,1.07,0.88,1.11,3.38,67,100,84,42,13,25,84,71,100,6.67,5.17,2.20,2.90,3.50,1.33,2.25,4.15,9.00,1.83,1.83,N/A
1741465800,Mar 08 2025 - 8:30pm,complete,N/A,Sport Huancayo,ADT,N/A,5,1.75,2.00,1.37,1.40,2,1,3,2,1,1,"39,54","25",4,5,2,0,0,1,2,0,0,1,11,19,6,4,5,15,9,10,36,64,1.52,1.60,1.32,1.86,3.38,75,75,63,50,25,63,63,25,75,8.00,5.50,2.15,3.20,3.50,1.26,1.85,2.87,5.25,1.67,2.10,Estadio Huancayo
1741474800,Mar 08 2025 - 11:00pm,complete,N/A,Melgar,Sporting Cristal,N/A,5,3.00,1.75,1.60,1.74,1,0,1,1,1,0,"17","",4,6,1,0,4,0,1,0,1,3,11,15,3,5,8,10,10,12,50,50,1.81,1.41,1.16,1.51,2.54,54,71,71,13,0,25,88,46,71,12.25,5.00,1.75,3.80,4.00,2.10,1.70,2.70,4.95,1.67,2.10,N/A
1741550400,Mar 09 2025 - 8:00pm,complete,N/A,Sport Boys,Universitario,N/A,5,1.75,2.33,1.03,2.26,0,2,2,2,0,2,"","16,34",3,5,4,0,3,0,1,3,2,1,9,14,4,5,5,9,21,13,67,33,1.41,1.83,1.11,1.53,3.21,71,88,71,46,17,42,71,63,100,8.67,4.83,6.50,4.10,1.48,1.33,2.00,3.40,6.75,2.20,1.62,Estadio Nacional de Lima
1741566600,Mar 10 2025 - 12:30am,complete,N/A,Cienciano,Comerciantes Unidos,N/A,5,0.33,0.67,1.43,1.06,3,2,5,2,1,1,"3,88,90'3","30,82",7,6,4,0,4,4,1,3,0,8,16,10,7,5,9,5,11,13,55,45,1.46,1.07,1.76,1.29,3.50,100,100,67,50,34,50,50,84,100,8.67,5.67,1.40,5.00,6.00,1.22,1.70,2.65,4.75,1.91,1.80,Estadio Inca Garcilaso de la Vega
1741636800,Mar 10 2025 - 8:00pm,complete,N/A,Atlético Grau,Los Chankas,N/A,5,1.00,1.00,1.09,1.43,2,1,3,1,1,0,"53,42","89",11,4,1,0,0,0,1,0,0,0,11,9,6,4,5,5,7,2,58,42,1.15,1.17,1.53,1.08,3.17,67,84,42,42,17,42,59,84,84,8.17,2.17,1.38,4.33,8.00,1.26,1.80,2.92,5.50,2.10,1.67,N/A
1741647600,Mar 10 2025 - 11:00pm,complete,N/A,Deportivo Binacional,Juan Pablo II College,N/A,5,1.00,0.00,1.00,0.94,2,0,2,1,1,0,"50,45'2","",8,6,1,1,3,0,1,1,0,3,16,9,5,2,11,7,8,10,56,44,1.43,0.89,1.56,0.96,2.50,34,50,50,34,17,17,33,50,84,5.33,4.33,1.30,5.00,10.00,1.27,1.85,2.95,5.50,2.38,1.53,N/A
1742760000,Mar 23 2025 - 8:00pm,complete,N/A,Los Chankas,Cienciano,N/A,4,0.67,1.00,1.43,1.43,0,0,0,0,0,0,"","",1,9,1,0,2,0,1,0,2,0,7,7,3,1,4,6,14,15,54,46,1.14,1.53,0.00,0.00,3.88,100,100,84,67,38,54,71,100,100,9.92,3.25,2.55,3.40,2.60,1.27,1.80,3.10,6.00,1.62,2.20,Estadio Los Chankas
1743098400,Mar 27 2025 - 6:00pm,complete,N/A,Comerciantes Unidos,Atlético Grau,N/A,6,0.50,1.50,1.06,1.09,2,2,4,1,0,1,"60,70","28,76",6,3,2,0,0,0,1,1,0,0,18,10,6,5,12,5,8,9,52,48,1.13,1.25,1.83,1.17,3.13,75,88,50,25,25,38,63,75,88,9.75,6.50,3.10,3.10,2.25,1.41,2.30,4.00,9.00,1.91,1.80,Estadio Juan Maldonado Gamarra
1743107400,Mar 27 2025 - 8:30pm,complete,N/A,Ayacucho,Melgar,N/A,6,0.80,3.00,0.83,1.60,2,3,5,3,2,1,"44,25","35,76,83",2,4,4,1,1,1,3,2,1,1,9,13,4,5,5,8,16,11,44,56,0.88,1.64,1.03,1.40,2.30,43,65,45,10,10,40,100,35,45,6.15,5.15,5.00,3.70,1.57,1.24,1.85,2.95,7.00,1.83,1.83,Estadio Ciudad de Cumaná
1743193800,Mar 28 2025 - 8:30pm,complete,N/A,Alianza Atlético,Real Garcilaso,N/A,6,1.40,1.00,1.63,1.97,2,4,6,5,2,3,"7,45'5","5,14,34,90'3",5,7,2,1,2,0,1,2,0,2,17,16,9,8,8,8,12,7,53,47,1.07,1.14,2.04,1.82,2.63,65,78,65,20,10,33,78,43,78,7.00,4.95,1.67,3.30,5.00,1.40,2.20,3.50,9.00,2.10,1.67,N/A
1743210000,Mar 29 2025 - 1:00am,complete,N/A,Universitario,Sport Huancayo,N/A,6,2.50,2.00,2.26,1.37,3,1,4,1,1,0,"21,69,86","90'4",8,2,2,0,5,0,0,2,2,3,16,18,5,9,11,9,7,13,50,50,1.76,1.48,1.78,2.00,2.63,55,80,45,25,13,55,68,38,78,10.15,3.95,1.27,4.75,12.00,1.27,1.95,2.90,5.90,2.63,1.44,Estadio Monumental
1743271200,Mar 29 2025 - 6:00pm,complete,N/A,ADT,Alianza Lima,N/A,6,1.60,2.40,1.40,1.89,3,0,3,1,1,0,"18,51,69","",3,2,3,0,3,0,1,2,0,3,10,7,6,3,4,4,17,10,59,41,1.65,2.03,1.33,0.90,3.60,70,90,80,50,20,70,90,30,70,9.80,4.60,1.48,3.90,6.00,1.22,1.85,3.00,5.75,1.91,1.80,N/A
1743280200,Mar 29 2025 - 8:30pm,complete,N/A,Sporting Cristal,Deportivo Binacional,N/A,6,1.40,1.50,1.74,1.00,5,0,5,1,1,0,"35,54,47,73,86","",12,3,2,0,4,0,1,1,3,1,28,6,7,2,21,4,17,12,57,43,1.43,1.46,2.62,0.77,2.95,55,80,68,35,13,33,65,48,80,10.75,5.70,1.11,7.50,17.00,1.11,1.33,1.87,2.80,2.10,1.67,Estadio Alberto Gallardo
1743289200,Mar 29 2025 - 11:00pm,complete,N/A,Deportivo Garcilaso,Sport Boys,N/A,6,2.20,1.40,1.49,1.03,4,0,4,1,1,0,"10,47,60,81","",3,2,2,0,3,0,1,1,2,1,15,13,6,3,9,10,15,8,36,64,1.13,1.35,1.50,1.31,2.70,60,80,60,30,10,60,70,40,80,7.40,7.60,1.45,3.90,7.00,1.22,1.75,2.80,5.14,1.83,1.83,Estadio Inca Garcilaso de la Vega
1743357600,Mar 30 2025 - 6:00pm,complete,N/A,Los Chankas,Alianza Universidad,N/A,6,0.75,0.40,1.43,0.80,3,1,4,1,1,0,"90'2,32,90'5","65",2,3,3,0,1,0,1,2,0,1,11,11,8,3,3,8,10,7,52,48,1.14,1.67,1.53,1.15,2.93,68,78,65,53,20,43,65,58,58,9.20,2.20,1.91,3.40,3.70,1.22,1.67,2.63,4.90,1.57,2.25,Estadio Los Chankas
1743366600,Mar 30 2025 - 8:30pm,complete,N/A,Juan Pablo II College,UTC Cajamarca,N/A,6,0.00,0.50,0.94,0.92,4,2,6,2,2,0,"45'1,20,79,51","56,86",5,5,1,0,1,0,0,1,0,1,19,18,6,5,13,13,14,13,35,65,0.91,1.10,1.86,1.82,1.75,13,50,25,13,0,0,50,25,75,8.25,5.00,2.10,3.20,3.50,1.42,2.40,4.75,10.50,2.10,1.67,N/A
1743805800,Apr 04 2025 - 10:30pm,complete,N/A,Deportivo Binacional,Ayacucho,N/A,7,1.20,0.67,1.00,0.83,1,1,2,2,1,1,"7","34",5,7,2,1,0,0,1,2,0,0,10,15,4,2,6,13,17,8,57,43,1.32,0.90,1.12,1.43,3.40,54,92,65,47,37,52,80,57,75,5.10,6.63,1.70,4.00,4.33,1.18,1.67,2.47,4.50,1.67,2.10,N/A
1743817500,Apr 05 2025 - 1:45am,complete,N/A,Sport Huancayo,Deportivo Garcilaso,N/A,7,1.67,2.33,1.37,1.49,0,3,3,2,0,2,"","23,41,72",6,3,2,0,6,1,0,2,3,4,21,13,3,5,18,8,14,18,75,25,1.57,1.19,1.91,1.27,2.67,59,75,59,34,9,50,67,42,83,8.33,6.34,2.05,3.20,3.60,1.30,1.95,3.50,7.00,1.73,2.00,Estadio Huancayo
1743866100,Apr 05 2025 - 3:15pm,complete,N/A,Atlético Grau,Cienciano,N/A,7,1.40,1.00,1.09,1.43,1,1,2,1,0,1,"90'5","42",5,5,2,0,5,0,0,2,0,5,9,7,2,5,7,2,10,14,54,46,1.23,1.53,1.04,1.08,3.60,70,80,70,60,40,40,70,80,80,12.40,2.80,1.62,3.70,5.50,1.29,1.90,3.20,6.50,1.83,1.83,N/A
1743884100,Apr 05 2025 - 8:15pm,complete,N/A,Melgar,ADT,N/A,7,3.00,1.83,1.60,1.40,4,0,4,2,2,0,"19,9,57,52","",4,2,0,1,1,1,0,1,1,1,20,7,10,0,10,7,14,7,59,41,1.59,1.60,2.28,0.64,3.47,62,80,80,44,27,44,92,55,72,7.43,5.00,1.48,4.00,7.00,1.19,1.67,2.40,4.60,1.80,1.91,N/A
1743897600,Apr 06 2025 - 12:00am,complete,N/A,Alianza Lima,Universitario,Daniel Ureta,7,2.00,2.60,1.89,2.26,1,1,2,1,1,0,"45'2","90'4",2,2,2,1,5,0,2,1,1,4,5,7,1,2,4,5,13,19,33,67,1.84,1.76,0.57,0.87,3.04,47,92,64,39,10,45,90,57,74,11.57,3.63,2.30,3.25,3.10,1.41,2.40,4.00,12.50,2.10,1.67,Estadio Alejandro Villanueva
1743963300,Apr 06 2025 - 6:15pm,complete,N/A,Real Garcilaso,Juan Pablo II College,N/A,7,1.40,0.60,1.97,0.94,4,2,6,2,2,0,"3,10,55,63","76,90'2",2,4,0,0,0,0,0,0,0,0,14,9,5,4,9,5,9,6,65,35,1.27,1.10,1.51,1.00,2.60,40,60,40,20,20,30,70,20,80,8.60,3.80,1.25,6.00,11.00,1.22,1.67,3.00,5.40,2.25,1.57,Estadio Inca Garcilaso de la Vega
1743966000,Apr 06 2025 - 7:00pm,complete,N/A,Sport Boys,Los Chankas,N/A,7,1.17,1.20,1.03,1.43,1,1,2,2,1,1,"9","34",5,8,4,0,5,1,2,2,2,4,18,9,6,2,12,7,11,17,66,34,1.34,1.24,1.88,0.89,2.72,65,82,64,37,0,35,72,57,82,6.30,4.90,1.60,3.80,5.50,1.22,1.75,2.70,5.14,1.80,1.91,Estadio Miguel Grau del Callao
1743971400,Apr 06 2025 - 8:30pm,complete,N/A,UTC Cajamarca,Sporting Cristal,N/A,7,0.40,1.67,0.92,1.74,4,1,5,4,3,1,"39,45'6,33,70","9",3,5,2,1,3,0,2,1,2,1,15,10,6,3,9,7,13,17,42,58,1.24,1.63,1.64,1.08,2.92,45,74,64,37,19,27,72,47,74,12.43,5.40,2.63,3.80,2.30,1.29,1.85,2.98,5.60,1.73,2.00,N/A
1743980400,Apr 06 2025 - 11:00pm,complete,N/A,Alianza Universidad,Comerciantes Unidos,N/A,7,0.33,0.60,0.80,1.06,0,2,2,0,0,0,"","52,64",4,2,1,1,2,0,1,1,0,2,10,5,3,2,7,3,13,14,58,42,1.58,1.27,1.16,0.65,3.44,84,92,72,62,27,45,72,65,75,9.67,6.17,1.65,3.70,5.25,1.22,1.75,2.81,5.20,1.73,2.00,Estadio Heraclio Tapia León
1744395300,Apr 11 2025 - 6:15pm,complete,N/A,Ayacucho,UTC Cajamarca,N/A,8,0.71,0.83,0.83,0.92,0,1,1,1,0,1,"","45'1",3,0,2,0,4,0,1,1,0,4,9,10,3,3,6,7,13,15,65,35,0.98,1.31,1.03,1.08,3.10,61,85,55,40,31,60,84,40,63,6.62,5.96,1.90,3.50,4.00,1.36,2.10,3.80,7.50,1.91,1.80,Estadio Ciudad de Cumaná
1744403400,Apr 11 2025 - 8:30pm,complete,N/A,Los Chankas,Sport Huancayo,N/A,8,1.17,1.43,1.43,1.37,1,3,4,0,0,0,"51","70,76,90'3",7,4,3,0,6,0,1,2,2,4,14,10,3,5,11,5,13,17,56,44,1.17,1.62,1.37,1.29,2.47,70,77,54,24,0,45,69,41,77,8.67,4.90,2.35,3.20,3.00,1.30,1.95,3.40,6.50,1.73,2.00,Estadio Los Chankas
1744489800,Apr 12 2025 - 8:30pm,complete,N/A,Juan Pablo II College,Alianza Atlético,N/A,8,0.50,1.17,0.94,1.63,1,0,1,1,1,0,"18","",1,2,2,0,2,0,1,1,1,1,10,9,3,2,7,7,13,14,32,68,1.08,1.24,1.04,1.11,3.17,58,67,58,42,33,42,75,42,83,7.33,5.00,2.75,3.30,2.45,1.45,2.35,4.50,8.30,2.00,1.73,N/A
1744502400,Apr 13 2025 - 12:00am,complete,N/A,Cienciano,Alianza Universidad,N/A,8,1.00,0.29,1.43,0.80,0,1,1,0,0,0,"","84",11,2,3,1,3,0,1,3,0,3,17,7,3,3,14,4,16,7,56,44,1.44,1.52,1.62,0.87,3.47,70,85,69,69,40,47,69,62,70,11.93,3.96,1.48,4.33,5.75,1.16,1.67,2.55,5.10,1.83,1.83,Estadio Inca Garcilaso de la Vega
1744560000,Apr 13 2025 - 4:00pm,complete,N/A,Sporting Cristal,Real Garcilaso,N/A,8,1.43,1.67,1.74,1.97,1,0,1,0,0,0,"83","",13,2,4,0,3,1,4,0,4,0,25,5,9,3,16,2,11,10,54,46,1.55,1.31,2.75,0.66,3.32,62,77,69,38,31,47,85,31,77,11.60,4.50,1.40,4.33,8.00,1.14,1.65,2.58,4.47,1.83,1.83,Estadio Alberto Gallardo
1744568100,Apr 13 2025 - 6:15pm,complete,N/A,Comerciantes Unidos,Sport Boys,N/A,8,1.00,1.14,1.06,1.03,0,4,4,2,0,2,"","12,26,75,89",5,0,2,0,2,0,1,1,0,2,14,13,2,5,12,8,13,12,66,34,1.16,1.42,1.41,1.31,2.86,70,93,54,31,9,45,68,56,86,7.38,8.07,2.20,3.20,3.25,1.30,2.10,3.50,7.25,1.83,1.83,Estadio Juan Maldonado Gamarra
1744576200,Apr 13 2025 - 8:30pm,complete,N/A,ADT,Deportivo Binacional,N/A,8,1.57,1.17,1.40,1.00,1,1,2,1,0,1,"57","13",10,1,1,2,2,0,1,2,0,2,24,8,5,5,19,3,13,11,71,29,1.46,1.29,2.43,1.04,3.90,61,100,84,61,31,52,77,62,85,6.54,5.83,1.29,5.25,10.00,1.17,1.57,2.40,4.40,1.91,1.80,N/A
1744588800,Apr 14 2025 - 12:00am,complete,N/A,Universitario,Melgar,N/A,8,2.33,3.00,2.26,1.60,4,1,5,1,0,1,"49,63,90'3,67","4",7,1,2,0,3,0,2,0,1,2,18,8,7,3,11,5,8,9,60,40,1.61,1.71,1.99,0.88,3.00,50,84,59,42,17,33,92,67,75,9.33,4.33,1.83,3.20,4.75,1.33,2.10,3.71,8.00,1.91,1.80,Estadio Monumental
1744677000,Apr 15 2025 - 12:30am,complete,N/A,Deportivo Garcilaso,Alianza Lima,N/A,8,2.43,1.86,1.49,1.89,0,1,1,0,0,0,"","52",7,5,5,0,2,0,3,2,1,1,17,6,2,2,15,4,10,9,42,58,1.20,1.66,1.49,0.78,2.79,43,86,64,29,7,50,86,43,79,9.00,6.43,2.15,3.00,3.60,1.30,2.10,3.75,7.50,1.80,1.91,Estadio Inca Garcilaso de la Vega
1744938000,Apr 18 2025 - 1:00am,complete,N/A,Alianza Universidad,Atlético Grau,N/A,9,0.63,1.33,0.80,1.09,0,0,0,0,0,0,"","",3,4,1,0,0,0,0,1,0,0,19,7,6,0,13,7,7,5,52,48,1.44,1.20,1.91,0.79,3.15,59,79,57,48,21,28,73,59,73,10.50,2.33,2.40,3.10,3.00,1.27,2.05,3.50,6.00,1.80,1.91,Estadio Heraclio Tapia León
1745006400,Apr 18 2025 - 8:00pm,complete,N/A,Melgar,Deportivo Garcilaso,N/A,9,2.57,2.13,1.60,1.49,1,2,3,1,1,0,"38","66,74",3,6,3,0,2,1,0,3,1,2,14,15,8,5,6,10,9,10,66,34,1.59,1.24,1.79,1.52,2.95,41,73,67,41,21,40,82,61,80,7.88,6.52,1.53,3.80,6.50,1.32,1.95,3.40,6.50,2.00,1.73,N/A
1745015400,Apr 18 2025 - 10:30pm,complete,N/A,Deportivo Binacional,Universitario,N/A,9,1.14,2.43,1.00,2.26,1,3,4,2,0,2,"61","23,45,58",5,2,4,0,1,0,0,4,0,1,13,13,3,6,10,7,9,6,59,41,1.25,1.67,1.22,1.40,3.36,64,100,57,50,29,29,79,64,86,8.57,5.00,2.90,3.25,2.35,1.31,2.15,3.40,6.50,1.83,1.83,N/A
1745024400,Apr 19 2025 - 1:00am,complete,N/A,Alianza Lima,Los Chankas,N/A,9,2.00,1.00,1.89,1.43,1,0,1,0,0,0,"68","",7,2,2,1,3,0,1,2,0,3,14,12,2,2,12,10,13,15,55,45,1.55,1.20,1.42,1.13,2.55,62,81,54,28,0,34,73,48,73,9.64,4.56,1.30,6.00,7.50,1.20,1.67,2.45,4.70,2.20,1.62,Estadio Alejandro Villanueva
1745085600,Apr 19 2025 - 6:00pm,complete,N/A,Sport Boys,Cienciano,N/A,9,1.38,0.86,1.03,1.43,2,2,4,3,1,2,"41,80","35,26",5,3,4,2,5,3,3,3,5,3,17,19,7,4,10,15,20,18,50,50,1.40,1.47,1.92,1.71,3.01,61,80,60,48,22,53,73,48,81,10.39,6.38,1.73,3.60,4.75,1.23,1.95,3.15,7.00,1.83,1.83,Estadio Miguel Grau del Callao
1745094600,Apr 19 2025 - 8:30pm,complete,N/A,Alianza Atlético,Sporting Cristal,N/A,9,1.00,1.63,1.63,1.74,1,0,1,0,0,0,"52","",2,3,1,0,2,0,0,1,1,1,9,14,3,1,6,13,18,9,32,68,1.22,1.70,1.05,1.29,3.01,61,67,67,41,27,41,81,34,73,11.27,6.27,3.30,3.50,2.05,1.28,1.95,3.40,6.50,1.73,2.00,N/A
1745107200,Apr 20 2025 - 12:00am,complete,N/A,Real Garcilaso,Ayacucho,N/A,9,1.43,0.63,1.97,0.83,3,0,3,1,1,0,"4,66,53","",3,0,0,0,1,0,0,0,1,0,10,9,4,5,6,4,7,10,55,45,1.22,0.98,1.12,1.08,2.89,60,73,48,27,27,59,86,27,62,6.24,4.99,1.45,4.00,7.50,1.20,1.85,2.50,4.40,2.00,1.73,Estadio Inca Garcilaso de la Vega
1745172900,Apr 20 2025 - 6:15pm,complete,N/A,UTC Cajamarca,ADT,N/A,9,1.14,1.50,0.92,1.40,0,1,1,0,0,0,"","86",4,3,4,0,2,0,3,1,2,0,16,13,4,4,12,9,12,10,53,47,1.27,1.58,1.66,1.30,3.50,59,86,73,53,27,46,80,47,80,7.34,5.99,2.90,3.10,2.35,1.27,1.95,3.15,5.90,1.67,2.10,Estadio Héroes de San Ramón
1745181000,Apr 20 2025 - 8:30pm,complete,N/A,Sport Huancayo,Comerciantes Unidos,N/A,9,1.63,0.86,1.37,1.06,4,2,6,1,1,0,"21,64,71,90","51,81",7,4,0,0,4,1,0,0,2,3,19,8,8,3,11,5,10,8,44,56,1.58,1.20,2.03,1.00,2.89,67,88,60,34,7,47,60,56,94,8.74,7.14,1.36,4.75,8.50,1.22,1.70,2.95,4.70,2.00,1.73,Estadio Huancayo
1745690400,Apr 26 2025 - 6:00pm,complete,N/A,Ayacucho,Alianza Atlético,N/A,10,0.56,1.25,0.83,1.63,0,2,2,1,0,1,"","30,59",4,2,3,1,6,0,3,1,3,3,15,9,5,4,10,5,11,12,75,25,0.99,1.20,1.51,1.09,2.78,60,71,54,30,24,53,88,36,60,5.11,5.77,2.20,2.90,3.50,1.53,2.60,5.50,12.00,2.20,1.62,Estadio Ciudad de Cumaná
1745710200,Apr 26 2025 - 11:30pm,complete,N/A,Deportivo Garcilaso,Deportivo Binacional,N/A,10,2.22,1.00,1.49,1.00,0,1,1,0,0,0,"","53",5,5,1,2,2,0,2,1,1,1,9,17,4,6,5,11,12,8,31,69,1.27,1.25,1.07,1.78,3.08,54,89,65,42,18,41,71,60,89,7.74,7.10,1.30,5.00,8.00,1.22,1.73,2.75,5.00,2.20,1.62,Estadio Inca Garcilaso de la Vega
1745777700,Apr 27 2025 - 6:15pm,complete,N/A,Los Chankas,Melgar,N/A,10,0.88,2.25,1.43,1.60,1,1,2,1,0,1,"90'5","25",5,2,1,0,4,0,0,1,3,1,13,7,5,2,8,5,18,10,52,48,1.19,1.62,1.42,0.88,2.82,63,75,63,38,13,25,75,69,75,7.76,4.75,3.50,3.25,2.05,1.33,1.95,3.13,6.00,1.73,2.00,Estadio Los Chankas
1745785800,Apr 27 2025 - 8:30pm,complete,N/A,Atlético Grau,Sport Boys,N/A,10,1.29,1.33,1.09,1.03,3,3,6,2,1,1,"83,27,90'10","42,68,84",4,4,3,0,6,2,2,1,0,8,13,8,5,3,8,5,15,13,59,41,1.14,1.46,1.57,0.92,2.86,57,80,55,37,7,41,80,45,75,8.73,4.49,1.83,3.40,4.50,1.33,2.08,3.75,6.50,1.91,1.80,N/A
1745794800,Apr 27 2025 - 11:00pm,complete,N/A,Universitario,UTC Cajamarca,N/A,10,2.50,1.00,2.26,0.92,6,0,6,2,2,0,"33,40,50,54,57,73","",6,2,2,1,2,0,1,2,1,1,20,13,12,3,8,10,9,11,61,39,1.63,1.32,2.28,1.08,3.13,57,82,57,51,25,32,76,57,82,8.50,5.13,1.17,8.00,13.00,1.12,1.53,2.35,3.58,2.50,1.50,Estadio Monumental
1745863200,Apr 28 2025 - 6:00pm,complete,N/A,Sporting Cristal,Juan Pablo II College,N/A,10,1.44,0.86,1.74,0.94,3,2,5,4,3,1,"22,29,45'5","10,67",6,7,2,0,0,0,0,2,0,0,11,13,4,7,7,6,18,7,48,52,1.66,1.08,1.24,1.66,2.62,37,50,43,31,26,31,69,26,75,11.13,4.71,1.22,6.50,10.00,1.09,1.33,1.85,3.00,1.73,2.00,Estadio Alberto Gallardo
1745872200,Apr 28 2025 - 8:30pm,complete,0,ADT,Real Garcilaso,N/A,10,1.67,1.63,1.40,1.97,2,1,3,1,0,1,"90'2,71","7",5,2,3,0,1,0,1,2,0,1,25,4,12,3,13,1,11,5,52,48,1.55,1.21,2.95,0.68,3.40,59,82,71,41,24,47,77,41,89,7.31,4.63,2.10,3.30,3.40,1.19,1.70,2.65,4.60,1.57,2.25,N/A
1745884800,Apr 29 2025 - 12:00am,complete,N/A,Cienciano,Sport Huancayo,N/A,10,0.88,1.78,1.43,1.37,2,1,3,1,1,0,"1,69","86",5,3,2,0,5,1,1,1,2,4,18,10,5,5,13,5,13,11,56,44,1.50,1.63,1.69,1.21,3.13,71,77,65,48,25,47,65,42,89,11.74,6.55,2.20,3.30,3.10,1.24,1.85,2.80,5.55,1.67,2.10,Estadio Inca Garcilaso de la Vega
1746145800,May 02 2025 - 12:30am,complete,N/A,Melgar,Comerciantes Unidos,N/A,11,2.11,0.75,1.60,1.06,1,1,2,2,1,1,"18","34",9,3,1,0,5,0,1,0,2,3,13,5,6,2,7,3,8,18,65,35,1.53,1.17,1.78,0.63,3.25,66,89,65,42,24,30,82,78,89,7.55,6.69,1.20,6.00,13.00,1.15,1.50,2.24,3.70,2.10,1.67,N/A
1746217800,May 02 2025 - 8:30pm,complete,N/A,Sport Huancayo,Atlético Grau,N/A,11,1.60,1.25,1.37,1.09,3,0,3,0,0,0,"51,71,76","",9,3,2,0,0,0,1,1,0,0,16,12,5,4,11,8,13,9,48,52,1.59,1.19,1.66,1.32,3.07,67,78,60,34,18,33,73,52,83,10.03,4.00,1.50,3.80,7.00,1.24,1.85,2.97,5.50,1.91,1.80,Estadio Huancayo
1746232200,May 03 2025 - 12:30am,complete,N/A,Alianza Lima,Cienciano,N/A,11,2.11,1.11,1.89,1.43,0,1,1,0,0,0,"","90'7",6,5,4,2,3,0,1,5,1,2,16,13,3,5,13,8,15,14,48,52,1.54,1.53,1.52,1.43,2.72,56,73,56,34,17,39,73,39,84,12.11,5.89,1.30,4.75,10.00,1.22,1.73,2.88,4.90,2.20,1.62,Estadio Alejandro Villanueva
1746295200,May 03 2025 - 6:00pm,complete,N/A,UTC Cajamarca,Deportivo Garcilaso,N/A,11,0.89,2.00,0.92,1.49,2,1,3,2,1,1,"88,16","44",5,4,2,0,2,0,0,2,1,1,22,9,9,1,13,8,12,11,62,38,1.30,1.25,2.37,0.90,2.86,37,69,58,37,22,37,64,47,84,7.76,7.19,2.88,2.90,2.63,1.30,1.95,3.13,6.50,1.67,2.10,N/A
1746304200,May 03 2025 - 8:30pm,complete,N/A,Juan Pablo II College,Ayacucho,N/A,11,0.75,0.50,0.94,0.83,0,0,0,0,0,0,"","",7,2,2,0,2,0,0,2,0,2,7,11,2,3,5,8,16,14,58,42,1.15,1.05,0.91,1.23,2.74,44,65,39,29,29,49,88,28,63,6.30,4.60,1.75,3.70,4.33,1.32,1.70,3.13,5.90,1.67,2.10,N/A
1746315000,May 03 2025 - 11:30pm,complete,N/A,Real Garcilaso,Universitario,N/A,11,1.44,2.56,1.97,2.26,2,0,2,1,1,0,"45,61","",1,6,2,0,2,0,2,0,1,1,9,19,5,5,4,14,6,12,60,40,1.15,1.71,0.97,1.60,3.45,62,89,67,45,28,39,84,61,89,8.45,3.89,2.55,3.10,2.80,1.35,2.30,4.50,9.00,1.91,1.80,Estadio Inca Garcilaso de la Vega
1746381600,May 04 2025 - 6:00pm,complete,N/A,Sport Boys,Alianza Universidad,N/A,11,1.30,0.67,1.03,0.80,4,2,6,2,2,0,"18,3,48,86","46,58",2,5,4,0,2,0,1,3,0,2,13,15,8,5,5,10,16,8,28,72,1.41,1.49,1.51,1.61,3.04,52,79,63,53,16,52,73,42,68,8.28,5.84,1.60,4.00,5.25,1.19,1.70,2.60,5.20,1.73,2.00,Estadio Miguel Grau del Callao
1746390600,May 04 2025 - 8:30pm,complete,N/A,Alianza Atlético,ADT,N/A,11,1.44,1.80,1.63,1.40,2,0,2,1,1,0,"35,63","",1,9,2,1,2,0,2,1,1,1,7,10,2,2,5,8,10,8,31,69,1.18,1.69,0.84,1.17,3.19,63,79,68,42,21,42,79,42,84,6.59,6.22,2.00,3.30,3.60,1.28,2.00,3.10,6.23,1.80,1.91,N/A
1746399600,May 04 2025 - 11:00pm,complete,N/A,Deportivo Binacional,Los Chankas,N/A,11,1.22,0.89,1.00,1.43,1,2,3,2,0,2,"55","15,19",3,1,2,0,4,0,1,1,0,4,16,15,3,5,13,10,10,11,66,34,1.31,1.22,1.36,1.35,2.78,67,84,50,39,11,28,62,56,84,7.78,5.11,2.15,3.30,3.20,1.25,1.95,3.30,6.05,1.73,2.00,N/A
1746822600,May 09 2025 - 8:30pm,complete,N/A,Comerciantes Unidos,Deportivo Binacional,N/A,12,0.78,1.10,1.06,1.00,1,1,2,0,0,0,"71","78",5,3,0,0,1,0,0,0,1,0,15,13,4,2,11,11,9,12,53,47,1.11,1.31,1.63,1.23,3.22,69,95,58,42,21,42,69,64,90,7.48,7.03,1.75,3.40,4.75,1.25,1.85,2.85,5.75,1.73,2.00,Estadio Héroes de San Ramón
1746896400,May 10 2025 - 5:00pm,complete,N/A,Ayacucho,Sporting Cristal,N/A,12,0.55,1.60,0.83,1.74,1,4,5,5,1,4,"21","6,28,34,38",5,4,2,1,2,0,1,2,0,2,7,11,4,7,3,4,8,10,33,67,1.06,1.61,0.94,1.36,2.63,48,67,48,29,24,48,81,24,63,9.67,5.90,1.90,3.40,3.60,1.24,1.75,2.88,4.80,1.62,2.20,Estadio Ciudad de Cumaná
1746909000,May 10 2025 - 8:30pm,complete,N/A,Atlético Grau,Alianza Lima,N/A,12,1.11,1.90,1.09,1.89,1,1,2,1,1,0,"18","85",6,5,3,0,1,1,1,2,0,2,12,17,2,3,10,14,18,6,41,59,1.21,1.53,1.08,1.70,2.61,43,69,48,22,11,26,69,44,79,10.59,3.49,5.00,3.50,1.70,1.38,2.25,4.23,7.82,2.20,1.62,N/A
1746928800,May 11 2025 - 2:00am,complete,N/A,Cienciano,Melgar,Augusto Menéndez,12,1.30,2.00,1.43,1.60,1,2,3,2,1,1,"3","20,84",2,7,5,1,3,0,3,3,0,3,13,14,0,5,13,9,11,6,57,43,1.52,1.56,0.99,1.54,2.95,65,75,60,40,25,35,80,55,80,10.50,5.90,2.88,3.20,2.50,1.30,2.00,3.20,6.50,1.73,2.00,Estadio Inca Garcilaso de la Vega
1746986400,May 11 2025 - 6:00pm,complete,N/A,Los Chankas,UTC Cajamarca,Diego Mirko Haro Sueldo,12,1.10,1.10,1.43,0.92,2,1,3,2,1,1,"19,51","36",4,2,3,0,6,0,1,2,2,4,17,7,6,3,11,4,16,13,45,55,1.23,1.40,1.79,1.05,2.80,60,75,55,35,15,35,65,45,80,7.40,5.30,1.70,3.50,4.75,1.32,1.95,3.40,7.00,1.83,1.83,Estadio Los Chankas
1746994500,May 11 2025 - 8:15pm,complete,N/A,ADT,Juan Pablo II College,Joel Alarcón,12,1.64,0.78,1.40,0.94,2,2,4,1,1,0,"35,58","84,89",10,0,1,0,2,0,0,1,1,1,10,5,5,2,5,3,11,5,60,40,1.64,1.12,1.35,0.62,3.01,49,68,53,39,26,39,75,34,79,8.51,4.47,1.33,5.25,7.50,1.17,1.57,2.48,4.00,1.83,1.83,N/A
1747002600,May 11 2025 - 10:30pm,complete,N/A,Deportivo Garcilaso,Real Garcilaso,Michael Espinoza,12,1.82,1.60,1.49,1.97,1,3,4,1,0,1,"84","50,90'7,19",5,3,1,0,2,0,1,0,1,1,19,10,4,5,15,5,4,13,39,61,1.22,1.13,1.65,1.15,2.82,48,77,62,24,15,38,72,43,91,7.48,5.69,2.63,2.88,2.90,1.36,2.10,3.90,7.50,1.80,1.91,Estadio Inca Garcilaso de la Vega
1747006200,May 11 2025 - 11:30pm,complete,N/A,Universitario,Alianza Atlético,Jordi Estanley Espinoza Valles,12,2.30,1.60,2.26,1.63,0,1,1,1,0,1,"","26",4,2,2,2,4,0,0,4,2,2,13,7,2,3,11,4,17,16,69,31,1.69,1.15,1.07,0.73,3.15,55,85,55,45,25,35,85,50,85,7.70,5.60,1.42,4.50,7.00,1.15,1.95,3.25,5.85,2.20,1.62,Estadio Monumental
1747081800,May 12 2025 - 8:30pm,complete,N/A,Alianza Universidad,Sport Huancayo,Pablo López,12,0.60,1.73,0.80,1.37,0,1,1,1,0,1,"","33",3,4,0,0,1,0,0,0,1,0,25,5,3,3,22,2,7,20,64,36,1.50,1.59,2.17,0.84,3.05,57,76,67,44,20,38,62,48,76,10.07,4.41,2.10,3.50,3.00,1.25,1.85,3.10,6.00,1.73,2.00,Estadio Heraclio Tapia León
1747427400,May 16 2025 - 8:30pm,complete,N/A,Alianza Atlético,Deportivo Garcilaso,Robin Segura,13,1.73,1.67,1.63,1.49,1,0,1,1,1,0,"44","",5,4,2,0,3,1,1,1,1,3,11,6,5,1,6,5,12,14,54,46,1.11,1.25,1.33,0.74,2.65,48,70,56,30,13,35,75,39,83,6.89,7.19,1.75,3.30,4.75,1.42,2.25,4.35,9.00,2.20,1.62,N/A
1747512000,May 17 2025 - 8:00pm,complete,N/A,UTC Cajamarca,Comerciantes Unidos,Jesús Cartagena,13,1.00,0.80,0.92,1.06,2,0,2,1,1,0,"22,49","",3,7,1,0,3,0,1,0,1,2,9,13,4,3,5,10,12,12,45,55,1.37,1.16,1.18,1.51,3.15,63,87,57,38,24,43,67,58,86,7.45,6.99,2.00,3.30,3.80,1.23,2.00,3.05,5.90,1.73,2.00,N/A
1747513800,May 17 2025 - 8:30pm,complete,N/A,Sporting Cristal,ADT,Julio César Quiróz,13,1.73,1.58,1.74,1.40,2,1,3,2,1,1,"41,90'6","10",14,4,2,0,2,0,1,1,1,1,13,10,5,4,8,6,11,8,72,28,1.59,1.62,1.78,1.13,3.30,61,78,70,48,27,44,78,34,83,11.76,5.57,1.36,4.75,8.00,1.13,1.57,2.40,3.98,1.80,1.91,Estadio Alberto Gallardo
1747522800,May 17 2025 - 11:00pm,complete,N/A,Real Garcilaso,Los Chankas,N/A,13,1.73,1.27,1.97,1.43,3,3,6,4,2,2,"87,5,43","13,21,81",8,0,3,0,1,0,2,1,0,1,24,12,7,5,17,7,13,10,70,30,1.13,1.29,2.16,1.19,2.82,69,82,60,27,9,32,73,45,87,7.00,4.19,1.55,4.10,5.25,1.19,1.73,2.83,4.70,1.80,1.91,Estadio Inca Garcilaso de la Vega
1747592100,May 18 2025 - 6:15pm,complete,N/A,Sport Huancayo,Sport Boys,Jordi Estanley Espinoza Valles,13,1.83,1.45,1.37,1.03,1,0,1,0,0,0,"51","",9,4,2,0,2,0,1,1,1,1,27,8,9,4,18,4,16,7,58,42,1.53,1.42,2.78,0.92,3.19,61,83,70,40,13,53,79,44,83,8.53,7.11,1.53,4.20,5.75,1.20,1.67,2.62,4.70,1.73,2.00,Estadio Huancayo
1747600200,May 18 2025 - 8:30pm,complete,N/A,Juan Pablo II College,Universitario,Micke Palomino,13,0.80,2.09,0.94,2.26,2,0,2,1,1,0,"34,74","",1,5,2,0,2,0,0,2,1,1,5,17,4,3,1,14,8,13,39,61,1.07,1.64,0.68,1.78,3.03,48,71,48,48,29,33,81,47,76,8.81,4.24,12.00,6.00,1.20,1.18,1.62,2.48,4.47,2.38,1.53,Estadio Nacional de Lima
1747609200,May 18 2025 - 11:00pm,complete,N/A,Melgar,Atlético Grau,Kevin Ortega,13,2.09,1.10,1.60,1.09,1,1,2,1,1,0,"3","88",2,3,2,0,3,0,2,0,1,2,13,14,2,4,11,10,13,15,51,49,1.56,1.20,1.09,1.23,2.96,62,81,57,29,19,28,85,58,77,9.45,3.46,1.42,4.20,8.00,1.22,1.80,3.04,6.00,2.00,1.73,N/A
1747693800,May 19 2025 - 10:30pm,complete,N/A,Deportivo Binacional,Cienciano,Daniel Ureta,13,1.09,1.18,1.00,1.43,1,1,2,0,0,0,"60","70",4,16,2,0,3,0,0,2,0,3,8,27,3,7,5,20,9,11,36,64,1.31,1.46,0.83,2.56,3.00,69,82,60,41,23,41,64,50,91,9.55,6.37,3.40,3.40,2.10,1.19,1.80,2.70,5.00,1.62,2.20,N/A
1747702800,May 20 2025 - 1:00am,complete,N/A,Alianza Lima,Alianza Universidad,Michael Espinoza,13,1.82,0.55,1.89,0.80,2,0,2,1,1,0,"29,79","",2,2,0,0,0,0,0,0,0,0,8,9,3,3,5,6,11,12,52,48,1.55,1.57,1.08,1.06,2.50,41,64,46,32,14,32,69,32,69,10.28,3.91,1.29,5.00,11.00,1.18,1.65,2.40,4.20,2.10,1.67,Estadio Alejandro Villanueva
1747965600,May 23 2025 - 2:00am,complete,N/A,Universitario,Sporting Cristal,N/A,14,1.92,1.83,2.26,1.74,2,0,2,0,0,0,"59,82","",4,3,0,0,1,0,0,0,1,0,20,7,3,4,17,3,10,4,48,52,1.65,1.61,2.01,0.90,3.17,54,80,59,46,29,42,84,38,79,12.59,5.33,1.83,3.40,4.33,1.27,2.00,3.60,6.25,1.83,1.83,Estadio Monumental
1748032200,May 23 2025 - 8:30pm,complete,N/A,Alianza Universidad,Melgar,N/A,14,0.50,2.00,0.80,1.60,1,1,2,1,1,0,"10","90'12",5,8,4,1,5,0,2,3,1,4,12,18,3,5,9,13,13,11,38,62,1.52,1.52,1.19,1.89,2.83,55,75,54,38,21,33,84,46,67,8.67,3.58,3.30,3.20,2.15,1.29,1.95,3.15,6.00,1.73,2.00,Estadio Heraclio Tapia León
1748048400,May 24 2025 - 1:00am,complete,N/A,Sport Boys,Alianza Lima,N/A,14,1.33,1.92,1.03,1.89,0,1,1,0,0,0,"","69",6,7,3,0,3,0,0,3,1,2,6,21,1,7,5,14,13,15,52,48,1.38,1.51,0.68,2.13,2.71,46,75,50,29,9,46,79,30,83,8.75,6.50,4.20,3.40,1.90,1.32,2.00,3.28,7.50,1.83,1.83,Estadio Nacional de Lima
1748109600,May 24 2025 - 6:00pm,complete,N/A,Comerciantes Unidos,Real Garcilaso,N/A,14,0.73,1.67,1.06,1.97,1,2,3,1,0,1,"66","45'1,90'3",4,4,2,0,5,0,0,2,0,5,8,9,1,3,7,6,12,16,38,62,1.20,1.22,0.79,1.13,3.21,66,92,56,35,22,35,74,62,92,7.85,5.57,3.00,3.60,2.20,1.29,1.90,3.40,5.75,1.73,2.00,Estadio Juan Maldonado Gamarra
1748118600,May 24 2025 - 8:30pm,complete,N/A,Atlético Grau,Deportivo Binacional,N/A,14,1.09,1.08,1.09,1.00,3,0,3,2,2,0,"11,36,83","",5,2,0,0,1,1,0,0,0,2,23,3,11,0,12,3,12,9,61,39,1.20,1.27,2.59,0.31,2.92,66,87,48,30,18,26,66,57,87,8.49,3.77,1.29,5.50,9.00,1.21,1.67,2.56,4.90,2.20,1.62,N/A
1748127600,May 24 2025 - 11:00pm,complete,N/A,Cienciano,UTC Cajamarca,N/A,14,1.17,1.17,1.43,0.92,6,1,7,5,5,0,"8,1,16,45'1,44,58","90'3",2,3,0,0,2,0,0,0,0,2,23,10,12,2,11,8,12,11,58,42,1.56,1.36,2.41,0.88,2.96,59,75,58,38,25,42,67,42,88,10.25,6.67,1.33,4.75,8.00,1.20,1.67,2.40,4.80,2.00,1.73,Estadio Inca Garcilaso de la Vega
1748196000,May 25 2025 - 6:00pm,complete,N/A,ADT,Ayacucho,Michael Espinoza,14,1.46,0.50,1.40,0.83,0,1,1,1,0,1,"","20",9,4,4,0,6,0,3,1,3,3,18,10,6,3,12,7,9,17,64,36,1.58,1.05,2.00,1.01,3.02,60,84,60,36,20,52,89,36,67,7.12,5.77,1.36,5.00,7.50,1.18,1.57,2.45,4.10,1.83,1.83,N/A
1748214000,May 25 2025 - 11:00pm,complete,N/A,Deportivo Garcilaso,Juan Pablo II College,Jordi Estanley Espinoza Valles,14,1.54,1.00,1.49,0.94,4,0,4,1,1,0,"2,60,54,71","",3,3,3,0,2,0,1,2,0,2,12,14,7,6,5,8,20,3,30,70,1.21,1.04,1.36,1.43,2.63,41,62,49,34,18,33,71,37,79,7.87,5.56,1.36,4.75,7.00,1.22,1.70,2.75,4.70,2.00,1.73,Estadio Inca Garcilaso de la Vega
1748808000,Jun 01 2025 - 8:00pm,complete,N/A,Los Chankas,Alianza Atlético,Daniel Ureta,14,1.25,1.83,1.43,1.63,1,2,3,2,1,1,"21","18,69",6,5,2,0,3,0,1,1,1,2,14,19,4,9,10,10,7,13,64,36,1.28,1.13,1.40,2.06,2.63,63,71,50,29,13,34,75,38,75,6.25,5.67,1.95,3.25,3.90,1.42,2.30,4.20,8.25,2.00,1.73,Estadio Los Chankas
1749758400,Jun 12 2025 - 8:00pm,complete,N/A,Alianza Atlético,Comerciantes Unidos,N/A,15,1.92,0.67,1.63,1.06,3,0,3,2,2,0,"17,27,68","",5,3,0,0,3,0,0,0,2,1,18,3,8,1,10,2,15,10,40,60,1.20,1.16,1.98,0.43,2.77,61,81,48,28,16,32,76,49,81,7.17,6.90,1.36,4.50,9.00,1.29,1.95,3.20,6.85,2.50,1.50,N/A
1749844800,Jun 13 2025 - 8:00pm,complete,N/A,UTC Cajamarca,Atlético Grau,N/A,15,1.08,1.25,0.92,1.09,0,2,2,1,0,1,"","9,70",4,5,3,1,2,0,1,3,1,1,15,14,4,4,11,10,16,11,48,52,1.32,1.31,1.41,1.35,3.12,52,80,56,32,24,36,76,44,84,8.29,4.02,2.88,2.90,2.60,1.47,2.25,4.33,8.30,1.83,1.83,N/A
1749859200,Jun 14 2025 - 12:00am,complete,N/A,Real Garcilaso,Cienciano,N/A,15,1.77,1.31,1.97,1.43,0,0,0,0,0,0,"","",4,6,2,0,2,0,1,1,1,1,15,25,4,9,11,16,6,11,51,49,1.21,1.63,1.44,2.52,3.27,70,81,66,39,27,39,74,54,92,10.07,5.46,2.50,3.40,2.75,1.27,1.95,3.10,5.90,1.73,2.00,Estadio Inca Garcilaso de la Vega
1749924900,Jun 14 2025 - 6:15pm,complete,N/A,Melgar,Sport Boys,N/A,15,1.92,1.23,1.60,1.03,2,1,3,1,0,1,"62,74","44",13,1,4,0,2,1,1,3,0,3,16,2,8,2,8,0,13,16,62,38,1.55,1.32,2.04,0.35,2.96,62,81,58,35,15,47,89,42,81,8.16,6.62,1.25,5.50,10.00,1.13,1.67,2.82,5.00,2.20,1.62,N/A
1749933000,Jun 14 2025 - 8:30pm,complete,N/A,Juan Pablo II College,Los Chankas,N/A,15,0.92,1.15,0.94,1.43,3,0,3,2,2,0,"24,21,79","",5,5,0,0,1,0,0,0,0,1,19,12,9,3,10,9,14,8,58,42,1.07,1.29,2.19,1.16,2.80,59,72,52,37,17,36,72,40,80,7.20,4.05,1.83,3.25,4.50,1.33,2.25,3.80,7.50,2.00,1.73,N/A
1749949200,Jun 15 2025 - 1:00am,complete,N/A,Alianza Lima,Sport Huancayo,N/A,15,2.00,1.92,1.89,1.37,0,0,0,0,0,0,"","",10,3,2,0,5,0,2,0,2,3,22,7,5,0,17,7,11,22,65,35,1.56,1.63,2.31,0.59,2.35,43,66,47,16,4,27,66,27,85,10.92,5.07,1.38,4.50,9.00,1.27,1.85,3.10,7.50,2.25,1.57,N/A
1750003200,Jun 15 2025 - 4:00pm,complete,N/A,Sporting Cristal,Deportivo Garcilaso,N/A,15,1.69,1.64,1.74,1.49,3,2,5,1,1,0,"70,41,87","73,65",5,1,3,0,5,0,2,1,3,2,14,8,5,3,9,5,13,15,71,29,1.55,1.22,1.62,1.01,2.86,49,70,63,37,19,41,70,37,82,11.45,6.48,1.33,4.75,10.00,1.26,1.80,2.94,5.30,2.20,1.62,Estadio Alberto Gallardo
1750017600,Jun 15 2025 - 8:00pm,complete,N/A,Ayacucho,Universitario,N/A,15,0.69,2.00,0.83,2.26,0,1,1,0,0,0,"","90'3",0,9,4,0,1,1,1,3,1,1,8,17,1,4,7,13,14,7,54,46,1.05,1.68,0.72,1.66,2.81,46,81,42,35,23,43,89,43,62,7.47,5.69,5.25,3.90,1.62,1.30,2.15,3.90,6.50,2.20,1.62,Estadio Ciudad de Cumaná
1750026600,Jun 15 2025 - 10:30pm,complete,N/A,Deportivo Binacional,Alianza Universidad,N/A,15,1.00,0.54,1.00,0.80,1,1,2,2,1,1,"45'5","34",1,2,0,0,0,0,0,0,0,0,16,12,7,6,9,6,9,7,55,45,1.19,1.50,1.75,1.28,2.85,54,81,50,39,19,35,66,46,77,8.00,4.16,2.25,3.60,2.88,1.25,1.80,2.77,5.14,1.67,2.10,N/A
1750291200,Jun 19 2025 - 12:00am,complete,N/A,Comerciantes Unidos,Alianza Lima,Edwin Ordóñez,10,0.62,1.93,1.06,1.89,0,1,1,0,0,0,"","79",3,4,2,0,1,0,0,2,0,1,9,22,2,6,7,16,20,15,36,64,1.11,1.61,0.86,2.22,2.47,49,79,42,19,8,30,67,42,86,9.87,5.98,8.50,5.50,1.29,1.22,1.90,2.90,5.75,2.63,1.44,Estadio Juan Maldonado Gamarra
1750363200,Jun 19 2025 - 8:00pm,complete,N/A,Atlético Grau,Real Garcilaso,N/A,16,1.38,1.71,1.09,1.97,0,0,0,0,0,0,"","",5,2,0,0,1,0,0,0,1,0,15,10,3,4,12,6,9,9,52,48,1.32,1.23,1.56,1.14,2.96,56,82,55,26,18,26,78,48,86,8.56,3.23,1.70,3.50,5.00,1.31,1.85,3.00,6.40,1.80,1.91,N/A
1750460400,Jun 20 2025 - 11:00pm,complete,N/A,Alianza Universidad,UTC Cajamarca,N/A,16,0.57,1.00,0.80,0.92,1,2,3,2,0,2,"78","16,41",12,2,4,0,2,1,0,4,0,3,27,6,6,4,21,2,8,15,74,26,1.48,1.33,2.33,0.75,2.96,47,75,50,40,25,40,75,36,72,7.79,4.50,1.65,3.60,5.50,1.28,1.80,2.95,5.90,1.80,1.91,Estadio Heraclio Tapia León
1750471200,Jun 21 2025 - 2:00am,complete,N/A,Universitario,ADT,N/A,16,2.07,1.36,2.26,1.40,5,0,5,2,2,0,"9,41,71,73,90","",3,1,4,0,3,1,1,3,1,3,22,6,10,2,12,4,7,12,57,43,1.68,1.61,2.42,0.65,3.15,54,86,57,43,18,36,83,50,86,10.07,5.22,1.27,5.75,7.50,1.13,1.53,2.25,4.40,2.00,1.73,Estadio Monumental
1750528800,Jun 21 2025 - 6:00pm,complete,N/A,Sport Huancayo,Melgar,N/A,16,1.86,2.00,1.37,1.60,2,2,4,1,0,1,"74,76","30,58",8,8,1,1,1,0,0,2,0,1,13,11,6,3,7,8,10,8,46,54,1.55,1.58,1.53,1.18,2.65,61,75,57,21,11,29,79,43,79,10.43,5.50,1.91,3.60,3.70,1.31,1.95,3.35,6.75,1.80,1.91,Estadio Huancayo
1750536900,Jun 21 2025 - 8:15pm,complete,N/A,Los Chankas,Sporting Cristal,N/A,16,1.07,1.79,1.43,1.74,3,1,4,3,2,1,"22,38,77","14",5,9,3,0,2,0,1,2,2,0,14,19,4,5,10,14,10,7,35,65,1.28,1.56,1.35,1.90,3.00,68,79,64,36,22,47,71,36,83,10.85,4.93,3.10,3.40,2.20,1.22,1.75,2.82,5.14,1.62,2.20,Estadio Los Chankas
1750550400,Jun 22 2025 - 12:00am,complete,N/A,Deportivo Garcilaso,Ayacucho,N/A,16,1.53,0.64,1.49,0.83,2,1,3,2,1,1,"44,60","27",4,1,3,0,2,0,1,2,2,0,13,14,3,6,10,8,20,11,39,61,1.21,1.03,1.20,1.51,2.62,45,69,52,31,17,42,80,37,65,6.36,7.29,1.45,4.50,7.00,1.25,1.90,3.20,6.00,2.10,1.67,Estadio Inca Garcilaso de la Vega
1750615200,Jun 22 2025 - 6:00pm,complete,N/A,Sport Boys,Deportivo Binacional,N/A,16,1.14,1.00,1.03,1.00,3,1,4,3,2,1,"21,45'3,73","45'1",6,3,1,0,3,1,0,1,3,1,12,9,7,3,5,6,20,13,59,41,1.25,1.23,1.52,0.94,3.00,61,86,57,36,14,50,72,47,86,6.79,6.36,1.33,5.00,8.50,1.18,1.60,2.80,4.00,1.91,1.80,Estadio Miguel Grau del Callao
1750623300,Jun 22 2025 - 8:15pm,complete,N/A,Comerciantes Unidos,Juan Pablo II College,N/A,16,0.57,1.08,1.06,0.94,3,0,3,3,3,0,"9,21,30","",4,2,2,0,0,0,1,1,0,0,9,14,4,6,5,8,10,4,46,54,1.09,1.15,1.03,1.64,2.85,48,78,48,34,19,34,71,48,85,7.69,5.04,2.20,3.10,3.30,1.26,2.00,3.25,5.80,1.73,2.00,Estadio Juan Maldonado Gamarra
1750631400,Jun 22 2025 - 10:30pm,complete,N/A,Cienciano,Alianza Atlético,N/A,16,1.29,2.00,1.43,1.63,3,2,5,3,1,2,"17,82,87","29,43",3,3,2,1,2,0,1,2,1,1,15,9,7,3,8,6,7,12,67,33,1.70,1.26,1.65,0.87,2.75,57,68,54,32,22,40,72,36,79,9.50,6.36,1.57,3.70,6.25,1.34,2.25,3.50,7.80,2.25,1.57,Estadio Inca Garcilaso de la Vega
1750896000,Jun 26 2025 - 12:00am,complete,N/A,Atlético Grau,Universitario,Joel Alarcón,3,1.36,2.13,1.09,2.26,0,2,2,1,0,1,"","10,57",1,0,1,0,3,0,0,1,0,3,4,2,3,1,1,1,2,0,40,60,1.34,1.73,0.00,0.00,2.89,45,83,45,34,21,27,76,52,83,9.86,3.67,7.00,3.50,1.57,1.50,2.50,5.00,11.00,2.63,1.44,N/A
1751047200,Jun 27 2025 - 6:00pm,complete,N/A,Ayacucho,Los Chankas,N/A,17,0.60,1.20,0.83,1.43,1,2,3,3,1,2,"20","12,14",4,2,4,0,5,0,0,4,4,1,16,6,2,3,14,3,17,18,70,30,1.06,1.28,1.50,0.69,2.67,64,77,54,27,14,53,80,30,67,6.13,5.60,1.90,3.50,3.90,1.25,1.95,3.13,6.25,1.80,1.91,Estadio Ciudad de Cumaná
1751055300,Jun 27 2025 - 8:15pm,complete,N/A,Juan Pablo II College,Cienciano,N/A,17,1.00,1.40,0.94,1.43,2,2,4,3,1,2,"39,90'5","27,15",5,4,4,0,2,0,1,3,1,1,14,12,6,6,8,6,17,12,44,56,1.19,1.70,1.65,1.43,2.96,51,69,55,42,27,42,70,41,79,9.70,4.76,2.10,3.20,3.30,1.27,2.05,3.30,5.90,1.80,1.91,N/A
1751063400,Jun 27 2025 - 10:30pm,complete,N/A,Deportivo Binacional,Sport Huancayo,N/A,17,0.93,1.80,1.00,1.37,1,0,1,1,1,0,"21","",3,6,0,0,0,0,0,0,0,0,13,16,3,4,10,12,8,11,49,51,1.21,1.55,1.27,1.71,2.77,60,80,57,30,10,37,64,44,84,8.80,5.40,3.10,3.50,2.15,1.22,1.85,3.42,6.50,1.73,2.00,N/A
1751133600,Jun 28 2025 - 6:00pm,complete,N/A,ADT,Deportivo Garcilaso,N/A,17,1.27,1.63,1.40,1.49,0,0,0,0,0,0,"","",3,3,0,0,4,1,0,0,2,3,22,9,10,4,12,5,12,17,70,30,1.55,1.21,2.47,1.02,3.14,55,81,71,43,17,43,81,49,88,8.61,6.81,1.73,3.70,4.75,1.22,1.73,2.65,4.70,1.67,2.10,N/A
1751141700,Jun 28 2025 - 8:15pm,complete,N/A,UTC Cajamarca,Sport Boys,N/A,17,1.13,1.27,0.92,1.03,1,1,2,1,0,1,"77","6",3,6,4,0,1,1,2,2,2,0,15,10,3,4,12,6,14,7,65,35,1.29,1.27,1.47,1.10,3.20,54,80,64,40,20,54,80,37,87,7.00,6.80,2.20,3.20,3.30,1.36,2.00,3.40,7.36,1.80,1.91,Estadio Héroes de San Ramón
1751152500,Jun 28 2025 - 11:15pm,complete,N/A,Melgar,Alianza Lima,N/A,17,1.93,2.00,1.60,1.89,0,1,1,0,0,0,"","84",7,5,5,0,3,0,0,5,0,3,14,11,5,4,9,7,12,9,63,37,1.55,1.65,1.65,1.12,2.34,50,70,44,17,7,24,80,33,80,11.00,4.80,1.83,3.25,4.50,1.40,2.30,4.00,8.50,2.10,1.67,N/A
1751212800,Jun 29 2025 - 4:00pm,complete,N/A,Sporting Cristal,Comerciantes Unidos,N/A,17,1.67,0.73,1.74,1.06,2,0,2,0,0,0,"51,54","",7,4,2,0,3,0,0,2,2,1,12,3,5,0,7,3,16,9,61,39,1.58,1.08,1.42,0.40,3.07,60,83,60,37,23,44,70,44,84,11.27,6.00,1.18,7.00,13.00,1.12,1.40,1.98,3.10,2.00,1.73,Estadio Alberto Gallardo
1751227200,Jun 29 2025 - 8:00pm,complete,N/A,Alianza Atlético,Atlético Grau,N/A,17,1.87,1.27,1.63,1.09,2,1,3,0,0,0,"90'5,83","78",3,3,3,0,4,1,1,2,2,3,15,11,5,4,10,7,11,12,49,51,1.23,1.34,1.47,1.25,2.64,47,74,47,24,17,30,80,34,77,7.73,4.06,2.20,3.00,3.70,1.50,2.50,5.00,9.00,2.10,1.67,N/A
1751238000,Jun 29 2025 - 11:00pm,complete,N/A,Real Garcilaso,Alianza Universidad,N/A,17,1.67,0.53,1.97,0.80,4,1,5,1,1,0,"11,51,90'4,81","74",5,3,4,0,2,0,3,1,1,1,10,15,7,4,3,11,10,10,57,43,1.22,1.54,1.38,1.39,2.80,53,73,54,34,20,34,73,40,70,8.40,3.60,1.50,4.33,6.00,1.14,1.57,2.39,4.40,1.73,2.00,Estadio Inca Garcilaso de la Vega
1751486400,Jul 02 2025 - 8:00pm,complete,N/A,Juan Pablo II College,Melgar,N/A,4,1.00,1.81,0.94,1.60,1,1,2,1,0,1,"53","17",4,6,2,0,3,0,1,1,2,1,11,10,2,4,9,6,12,10,49,51,1.22,1.56,1.15,1.23,2.81,51,74,55,33,17,33,87,39,77,9.11,4.29,4.42,3.10,1.99,1.31,1.93,3.60,8.00,2.60,1.91,N/A
1751652000,Jul 04 2025 - 6:00pm,complete,N/A,Sport Huancayo,UTC Cajamarca,N/A,18,1.69,1.13,1.37,0.92,1,0,1,1,1,0,"7","",5,4,2,0,1,0,1,1,0,1,13,15,2,3,11,12,12,18,48,52,1.56,1.30,1.26,1.43,2.82,50,72,56,28,16,35,72,35,82,8.88,5.75,1.50,4.18,6.25,1.25,1.68,3.10,5.00,1.83,1.91,Estadio Huancayo
1751660100,Jul 04 2025 - 8:15pm,complete,N/A,Los Chankas,ADT,N/A,18,1.31,1.25,1.43,1.40,1,1,2,1,1,0,"33","84",1,10,1,0,1,0,0,1,1,0,11,15,4,4,7,11,13,11,33,67,1.24,1.60,1.10,1.52,3.07,69,85,69,38,13,50,78,41,81,8.25,5.25,2.52,3.25,2.60,1.22,1.73,3.00,5.50,1.57,2.00,Estadio Los Chankas
1751738400,Jul 05 2025 - 6:00pm,complete,N/A,Comerciantes Unidos,Ayacucho,N/A,18,0.69,0.56,1.06,0.83,0,1,1,0,0,0,"","54",4,3,3,0,3,0,2,1,2,1,7,13,2,5,5,8,18,13,62,38,1.04,1.09,0.96,1.35,2.66,53,82,47,22,16,47,76,41,66,6.44,6.69,1.95,3.20,3.05,1.27,2.05,3.50,7.50,1.88,1.95,Estadio Héroes de San Ramón
1751746500,Jul 05 2025 - 8:15pm,complete,N/A,Cienciano,Sporting Cristal,N/A,18,1.38,1.75,1.43,1.74,1,1,2,0,0,0,"79","90'2",6,3,3,0,1,0,0,3,0,1,14,12,2,7,12,5,11,15,57,43,1.68,1.57,1.19,1.33,3.16,66,75,63,47,31,47,66,41,85,13.25,5.81,1.90,3.53,3.35,1.16,1.62,2.55,4.15,1.57,2.25,Estadio Inca Garcilaso de la Vega
1751754600,Jul 05 2025 - 10:30pm,complete,N/A,Alianza Universidad,Alianza Atlético,N/A,18,0.50,1.94,0.80,1.63,2,0,2,1,1,0,"45'3,85","",6,8,2,0,3,0,1,1,1,2,11,11,4,2,7,9,17,9,40,60,1.53,1.25,1.20,1.21,2.79,53,72,53,35,22,38,78,35,69,7.82,4.63,2.65,3.00,2.60,1.33,2.09,3.60,7.10,1.77,1.85,Estadio Heraclio Tapia León
1751763600,Jul 06 2025 - 1:00am,complete,N/A,Alianza Lima,Deportivo Binacional,N/A,18,2.06,1.06,1.89,1.00,5,1,6,5,4,1,"2,6,34,31,64","45",5,0,0,0,2,0,0,0,1,1,19,6,8,1,11,5,17,8,62,38,1.62,1.22,2.12,0.58,2.28,44,69,38,19,7,32,63,29,81,8.94,4.69,1.08,9.40,15.00,1.10,1.37,2.08,3.22,2.55,1.44,N/A
1751824800,Jul 06 2025 - 6:00pm,complete,N/A,Sport Boys,Real Garcilaso,N/A,18,1.25,1.75,1.03,1.97,1,2,3,1,1,0,"7","68,84",3,4,5,1,5,0,2,4,2,3,7,4,1,2,6,2,25,15,42,58,1.26,1.23,0.66,0.63,3.07,60,78,63,38,19,41,78,44,85,7.44,5.81,1.91,3.45,3.40,1.25,1.80,2.88,5.60,1.65,2.09,Estadio Miguel Grau del Callao
1751832900,Jul 06 2025 - 8:15pm,complete,N/A,Atlético Grau,Juan Pablo II College,N/A,18,1.19,1.00,1.09,0.94,2,0,2,0,0,0,"83,56","",2,4,2,0,2,0,2,0,1,1,19,8,7,4,12,4,15,7,51,49,1.33,1.22,1.92,0.99,2.72,44,75,47,29,16,29,75,35,78,8.19,3.07,0.00,0.00,0.00,1.40,2.20,4.20,8.50,1.88,1.80,N/A
1751841000,Jul 06 2025 - 10:30pm,complete,N/A,Deportivo Garcilaso,Universitario,N/A,18,1.59,2.19,1.49,2.26,0,1,1,0,0,0,"","54",4,2,2,1,0,1,0,3,0,1,9,17,3,4,6,13,19,9,45,55,1.20,1.73,0.92,1.66,2.89,43,80,55,40,19,33,76,52,85,8.57,6.50,3.25,3.40,2.15,1.40,2.25,4.00,7.50,1.83,1.83,Estadio Inca Garcilaso de la Vega
1752264000,Jul 11 2025 - 8:00pm,complete,N/A,ADT,Comerciantes Unidos,N/A,19,1.24,0.65,1.40,1.06,1,0,1,0,0,0,"70","",7,4,1,1,3,2,0,2,0,5,26,5,9,2,17,3,8,13,50,50,1.60,1.04,2.53,0.67,2.94,56,85,56,33,15,38,71,50,85,8.88,6.00,1.38,5.00,7.67,1.17,1.61,2.39,4.20,1.91,1.80,N/A
1752337800,Jul 12 2025 - 4:30pm,complete,N/A,Deportivo Binacional,Melgar,N/A,19,1.00,1.76,1.00,1.60,1,1,2,0,0,0,"53","83",3,3,3,0,0,0,1,2,0,0,13,17,6,6,7,11,12,10,35,65,1.18,1.54,1.44,1.81,2.86,68,85,53,30,15,36,83,44,82,8.59,5.06,5.50,3.78,1.57,1.30,2.00,3.60,7.00,1.95,1.80,N/A
1752350400,Jul 12 2025 - 8:00pm,complete,N/A,Universitario,Los Chankas,N/A,19,2.24,1.29,2.26,1.43,0,0,0,0,0,0,"","",5,0,1,0,3,0,1,0,1,2,17,4,1,1,16,3,10,16,70,30,1.72,1.24,1.59,0.39,2.91,59,85,53,35,15,41,76,44,85,8.06,4.94,1.08,8.75,26.00,1.15,1.50,2.28,4.00,3.30,1.30,Estadio Monumental
1752350400,Jul 12 2025 - 8:00pm,complete,N/A,UTC Cajamarca,Alianza Lima,N/A,19,1.06,2.12,0.92,1.89,0,0,0,0,0,0,"","",4,9,4,0,2,0,2,2,0,2,13,18,3,7,10,11,13,6,31,69,1.31,1.65,1.29,1.98,2.50,38,65,41,21,15,33,71,21,82,9.00,5.12,6.30,3.70,1.50,1.32,2.10,3.75,7.50,2.15,1.67,Estadio Héroes de San Ramón
1752352200,Jul 12 2025 - 8:30pm,complete,N/A,Alianza Atlético,Sport Boys,N/A,19,1.82,1.18,1.63,1.03,1,0,1,0,0,0,"90'3","",9,3,4,1,1,3,4,1,2,2,24,2,7,1,17,1,12,8,75,25,1.24,1.22,2.48,0.26,2.89,56,77,59,33,15,44,82,35,82,7.12,6.82,1.63,3.50,5.50,1.44,2.38,4.60,10.00,2.20,1.62,N/A
1752422400,Jul 13 2025 - 4:00pm,complete,N/A,Sporting Cristal,Atlético Grau,N/A,19,1.71,1.29,1.74,1.09,2,1,3,2,1,1,"9,90'4","4",4,4,3,0,2,0,1,2,1,1,13,11,2,5,11,6,17,13,65,35,1.56,1.37,1.26,1.30,2.83,53,79,50,30,21,30,65,41,82,11.35,3.94,1.50,3.70,6.05,1.29,1.85,2.90,6.00,1.91,1.85,Estadio Alberto Gallardo
1752430500,Jul 13 2025 - 6:15pm,complete,N/A,Ayacucho,Cienciano,N/A,19,0.71,1.35,0.83,1.43,1,0,1,0,0,0,"90'4","",7,4,3,0,3,1,0,3,1,3,12,7,5,0,7,7,13,13,46,54,1.10,1.65,1.33,0.67,2.74,62,71,50,33,24,50,71,36,68,8.47,6.53,3.00,3.36,2.18,1.28,2.00,3.40,6.15,1.80,1.95,Estadio Ciudad de Cumaná
1752438600,Jul 13 2025 - 8:30pm,complete,N/A,Juan Pablo II College,Alianza Universidad,N/A,19,0.94,0.65,0.94,0.80,1,0,1,0,0,0,"65","",1,6,3,1,4,0,1,3,1,3,8,13,3,5,5,8,7,10,47,53,1.20,1.51,1.05,1.51,2.79,44,74,47,38,21,35,76,32,71,8.47,3.36,1.98,3.42,3.60,1.25,1.85,2.73,6.00,1.62,2.00,N/A
1752449400,Jul 13 2025 - 11:30pm,complete,N/A,Real Garcilaso,Sport Huancayo,N/A,19,1.82,1.76,1.97,1.37,3,0,3,2,2,0,"13,36,80","",3,7,0,0,2,1,0,0,1,2,14,3,4,1,10,2,10,13,63,37,1.20,1.54,1.41,0.47,2.71,53,68,59,27,15,24,71,44,77,9.18,4.89,1.96,3.15,4.08,1.25,1.80,2.95,5.75,1.62,2.05,Estadio Inca Garcilaso de la Vega
1752868800,Jul 18 2025 - 8:00pm,complete,N/A,Alianza Atlético,Sport Huancayo,N/A,1,1.89,1.67,1.63,1.37,0,0,0,0,0,0,"","",5,4,0,0,0,0,0,0,0,0,14,15,2,4,12,11,12,11,57,43,1.31,1.48,1.46,1.58,2.50,44,64,53,22,12,31,73,31,75,9.28,5.78,1.59,3.25,4.30,1.31,2.00,3.22,6.50,2.05,1.86,N/A
1752883200,Jul 19 2025 - 12:00am,complete,N/A,Deportivo Garcilaso,Los Chankas,N/A,1,1.50,1.28,1.49,1.43,3,0,3,1,1,0,"63,33,49","",5,9,2,0,0,0,1,1,0,0,13,24,8,4,5,20,14,8,44,56,1.18,1.19,1.39,1.81,2.67,61,75,61,31,9,42,70,39,81,7.22,6.38,2.08,3.35,3.80,1.20,2.00,3.52,7.50,1.57,2.20,Estadio Inca Garcilaso de la Vega
1752890400,Jul 19 2025 - 2:00am,complete,N/A,Universitario,Comerciantes Unidos,N/A,1,2.17,0.61,2.26,1.06,3,1,4,3,2,1,"23,45,87","11",6,2,0,0,2,0,0,0,2,0,14,2,7,2,7,0,8,8,59,41,1.71,1.02,0.00,0.00,2.73,42,81,42,31,17,31,64,53,86,8.56,6.00,1.05,11.00,33.00,1.07,1.38,2.00,3.10,3.10,1.33,Estadio Monumental
1752948000,Jul 19 2025 - 6:00pm,complete,N/A,UTC Cajamarca,Melgar,N/A,1,1.06,1.72,0.92,1.60,1,2,3,1,0,1,"83","21,79",8,7,2,1,3,0,0,3,0,3,13,23,3,8,10,15,8,6,44,56,1.31,1.56,1.25,2.49,2.75,58,78,50,25,17,31,84,39,81,8.77,5.56,3.25,3.20,1.95,1.36,2.15,3.80,7.50,1.83,1.81,Estadio Héroes de San Ramón
1752956100,Jul 19 2025 - 8:15pm,complete,N/A,ADT,Cienciano,N/A,1,1.33,1.28,1.40,1.43,1,0,1,0,0,0,"69","",3,11,3,0,3,0,0,3,1,2,9,19,3,3,6,16,16,6,47,53,1.65,1.59,0.92,1.77,3.00,64,75,59,42,23,42,67,45,86,10.89,6.00,2.15,3.20,3.00,1.20,1.70,2.80,4.55,1.60,2.34,N/A
1752966000,Jul 19 2025 - 11:00pm,complete,N/A,Real Garcilaso,Alianza Lima,N/A,1,1.89,2.06,1.97,1.89,2,0,2,0,0,0,"52,64","",7,3,5,0,2,0,1,4,0,2,16,12,6,3,10,9,10,9,61,39,1.21,1.67,1.65,1.19,2.45,42,64,48,20,14,25,67,31,81,9.45,4.28,1.80,3.40,4.50,1.31,2.05,3.60,6.95,1.91,1.80,Estadio Inca Garcilaso de la Vega
1753027200,Jul 20 2025 - 4:00pm,complete,N/A,Sporting Cristal,Alianza Universidad,N/A,1,1.78,0.61,1.74,0.80,3,0,3,2,2,0,"22,28,53","",4,3,4,0,2,0,2,2,1,1,16,10,7,2,9,8,18,13,56,44,1.54,1.51,1.88,1.05,2.89,56,75,53,39,25,39,70,33,75,11.66,4.33,1.22,5.90,10.74,1.13,1.44,2.20,3.60,1.87,1.75,Estadio Alberto Gallardo
1753035300,Jul 20 2025 - 6:15pm,complete,N/A,Ayacucho,Atlético Grau,N/A,1,0.83,1.22,0.83,1.09,1,2,3,0,0,0,"90'5","50,82",3,1,1,0,2,0,0,1,0,2,12,9,5,3,7,6,11,12,53,47,1.11,1.36,1.36,1.02,2.45,47,72,42,17,14,36,73,31,67,7.05,4.78,2.61,3.00,2.88,1.43,2.42,4.40,9.20,1.94,1.70,Estadio Ciudad de Cumaná
1753043400,Jul 20 2025 - 8:30pm,complete,N/A,Juan Pablo II College,Sport Boys,N/A,1,1.06,1.11,0.94,1.03,3,0,3,2,2,0,"28,40,87","",1,6,1,0,1,1,0,1,2,0,10,13,5,3,5,10,13,10,44,56,1.19,1.17,1.21,1.34,2.84,47,73,53,36,14,42,75,34,84,7.23,5.84,1.96,3.03,4.08,1.36,2.10,3.80,7.10,1.85,1.77,N/A
1753473600,Jul 25 2025 - 8:00pm,complete,N/A,Sport Huancayo,Juan Pablo II College,N/A,2,1.63,1.16,1.37,0.94,5,1,6,3,3,0,"7,20,45'1,89,81","78",8,7,2,0,1,1,1,1,0,2,25,11,10,3,15,8,4,6,55,45,1.49,1.19,2.65,1.08,2.50,37,63,50,27,11,32,69,29,74,8.89,4.32,1.37,4.60,8.60,1.31,1.87,3.30,5.50,2.19,1.66,Estadio Huancayo
1753484400,Jul 25 2025 - 11:00pm,complete,N/A,Deportivo Binacional,UTC Cajamarca,N/A,2,1.00,1.00,1.00,0.92,0,0,0,0,0,0,"","",10,3,2,0,0,0,0,2,0,0,23,9,4,4,19,5,10,6,63,37,1.19,1.30,2.19,1.01,2.89,57,82,52,30,19,41,73,38,81,6.79,5.44,1.80,3.25,3.73,1.30,1.91,3.40,6.50,1.81,1.91,N/A
1753552800,Jul 26 2025 - 6:00pm,complete,N/A,Alianza Universidad,Ayacucho,N/A,2,0.58,0.79,0.80,0.83,1,2,3,1,1,0,"34","73,78",8,4,4,1,4,0,2,3,3,1,12,12,4,4,8,8,15,20,57,43,1.49,1.13,1.32,1.30,2.53,47,69,45,27,19,42,74,27,61,7.48,5.00,1.75,3.50,4.50,1.27,1.99,3.30,7.00,1.85,1.87,Estadio Heraclio Tapia León
1753561800,Jul 26 2025 - 8:30pm,complete,N/A,Sport Boys,Sporting Cristal,N/A,2,1.05,1.84,1.03,1.74,0,2,2,1,0,1,"","40,53",11,6,3,1,2,1,3,1,2,1,17,13,6,6,11,7,14,13,44,56,1.18,1.56,1.90,1.46,3.03,58,79,63,37,19,50,74,35,87,10.47,6.53,4.38,3.50,1.65,1.28,1.90,3.20,7.00,1.79,2.00,Estadio Miguel Grau del Callao
1753572600,Jul 26 2025 - 11:30pm,complete,N/A,Cienciano,Universitario,N/A,2,1.21,2.21,1.43,2.26,1,1,2,0,0,0,"90'5","84",7,4,2,0,5,0,0,2,0,5,12,7,4,4,8,3,11,11,66,34,1.60,1.71,1.32,0.88,2.87,53,74,48,42,24,37,64,47,87,10.79,5.64,2.25,3.05,2.32,1.48,2.44,4.80,10.00,1.90,1.70,Estadio Inca Garcilaso de la Vega
1753639200,Jul 27 2025 - 6:00pm,complete,N/A,Melgar,Real Garcilaso,N/A,2,1.79,1.95,1.60,1.97,0,2,2,1,0,1,"","31,51",7,5,3,0,0,0,3,0,0,0,18,13,3,8,15,5,14,7,47,53,1.60,1.23,1.72,1.64,2.82,64,82,58,24,16,24,82,53,84,9.26,4.84,1.60,3.75,4.75,1.21,1.92,2.69,6.50,1.76,1.94,N/A
1753647300,Jul 27 2025 - 8:15pm,complete,N/A,Comerciantes Unidos,Deportivo Garcilaso,N/A,2,0.58,1.58,1.06,1.49,0,0,0,0,0,0,"","",8,4,4,1,4,0,1,4,2,2,17,5,3,3,14,2,10,9,52,48,1.02,1.19,1.60,0.76,2.69,48,76,55,29,11,35,63,50,87,7.84,7.31,2.90,3.14,2.30,1.30,2.10,2.74,7.25,1.77,1.91,Estadio Juan Maldonado Gamarra
1753657200,Jul 27 2025 - 11:00pm,complete,N/A,Alianza Lima,Alianza Atlético,N/A,2,1.95,1.84,1.89,1.63,1,1,2,0,0,0,"48","73",5,3,2,0,3,0,1,1,2,1,15,13,5,4,10,9,5,11,65,35,1.64,1.32,1.58,1.29,2.16,34,58,37,16,11,27,64,21,77,9.42,5.05,1.33,4.60,8.00,1.35,2.10,3.60,7.60,2.30,1.50,N/A
1753898400,Jul 30 2025 - 6:00pm,complete,N/A,Ayacucho,Sport Boys,N/A,3,0.90,1.00,0.83,1.03,0,0,0,0,0,0,"","",5,1,4,0,1,0,2,2,0,1,12,4,1,1,11,3,15,5,50,50,1.13,1.22,1.27,0.51,2.65,53,73,53,25,13,48,78,30,73,6.95,7.20,1.98,3.09,3.90,1.46,2.37,4.33,8.70,2.10,1.69,Estadio Ciudad de Cumaná
1753906500,Jul 30 2025 - 8:15pm,complete,N/A,Sporting Cristal,Sport Huancayo,N/A,3,1.90,1.70,1.74,1.37,5,0,5,2,2,0,"50,90'3,16,6,67","",4,4,2,1,4,1,1,2,1,4,19,11,7,1,12,10,18,13,66,34,1.55,1.55,2.09,1.03,2.75,50,70,58,30,18,38,68,33,78,12.25,5.20,1.47,4.00,6.60,1.17,1.73,2.56,4.50,1.73,1.91,Estadio Alberto Gallardo
1753984800,Jul 31 2025 - 6:00pm,complete,N/A,ADT,Alianza Universidad,N/A,3,1.42,0.55,1.40,0.80,0,3,3,1,0,1,"","22,85,66",5,3,3,0,3,0,3,0,2,1,11,8,5,5,6,3,17,16,57,43,1.61,1.48,1.43,0.99,2.82,52,75,54,36,18,36,75,36,77,9.79,4.73,1.63,3.80,5.25,1.19,1.74,2.65,5.05,1.67,1.98,N/A
1753992900,Jul 31 2025 - 8:15pm,canceled,N/A,Real Garcilaso,Deportivo Binacional,N/A,3,2.00,1.00,1.97,1.00,0,0,0,0,0,0,"","",-1,-1,-1,-1,-1,-1,-1,-1,-1,-1,-1,-1,-1,-1,-1,-1,-1,-1,-1,-1,1.25,1.25,0.00,0.00,2.85,57,82,54,29,18,34,69,46,82,7.37,4.52,1.25,6.00,10.00,1.12,1.46,2.25,3.44,1.91,1.73,Estadio Inca Garcilaso de la Vega
1754006400,Aug 01 2025 - 12:00am,complete,N/A,Juan Pablo II College,Alianza Lima,N/A,3,1.10,1.90,0.94,1.89,1,2,3,2,1,1,"21","45'1,70",2,10,2,0,1,0,1,1,0,1,13,17,5,7,8,10,6,11,35,65,1.19,1.64,1.40,2.08,2.38,33,63,38,23,13,30,63,25,80,9.20,3.95,7.50,4.20,1.46,1.28,2.00,3.52,6.50,1.97,1.67,Estadio Heraclio Tapia León
1754013600,Aug 01 2025 - 2:00am,complete,80000,Universitario,Atlético Grau,N/A,3,2.15,1.32,2.26,1.09,3,1,4,2,2,0,"5,16,56","65",5,6,2,0,2,1,0,2,1,2,11,13,5,4,6,9,13,7,42,58,1.67,1.34,1.26,1.37,2.72,47,82,44,28,16,26,67,49,85,8.76,3.98,1.24,3.80,8.50,1.32,2.16,4.20,7.40,2.30,1.50,Estadio Monumental
1754071200,Aug 01 2025 - 6:00pm,complete,N/A,Los Chankas,Comerciantes Unidos,N/A,3,1.21,0.60,1.43,1.06,3,2,5,4,2,2,"29,38,84","25,43",9,0,2,0,3,2,1,1,0,5,17,10,4,3,13,7,8,11,64,36,1.22,1.05,1.69,0.99,2.67,62,82,54,26,8,41,65,44,82,7.73,5.92,1.77,3.28,4.45,1.32,1.80,3.04,5.75,1.80,1.98,Estadio Los Chankas
1754079300,Aug 01 2025 - 8:15pm,complete,N/A,Alianza Atlético,Melgar,N/A,3,1.80,1.70,1.63,1.60,0,0,0,0,0,0,"","",6,4,1,0,2,0,1,0,2,0,16,8,3,2,13,6,21,11,50,50,1.32,1.61,1.63,0.94,2.53,58,75,48,20,13,25,80,40,80,9.25,5.50,2.30,3.22,3.15,1.36,2.23,4.40,9.50,1.85,1.85,N/A
1754092800,Aug 02 2025 - 12:00am,complete,N/A,Deportivo Garcilaso,Cienciano,N/A,3,1.55,1.20,1.49,1.43,2,1,3,2,1,1,"45'1,78","15",3,3,5,0,2,0,1,4,1,1,17,10,4,3,13,7,13,11,33,67,1.17,1.59,1.60,1.21,2.68,55,68,55,35,18,35,58,48,85,10.15,7.10,3.10,3.10,2.10,1.27,2.00,3.60,7.10,1.72,1.91,Estadio Inca Garcilaso de la Vega
1754251200,Aug 03 2025 - 8:00pm,complete,N/A,Sport Huancayo,Ayacucho,N/A,4,1.62,0.90,1.37,0.83,3,1,4,3,2,1,"11,35,90'4","13",5,4,4,0,1,1,2,2,1,1,17,8,8,1,9,7,8,15,61,39,1.52,1.14,1.88,0.79,2.43,46,62,50,22,14,38,69,31,62,8.42,5.91,1.66,3.64,5.00,1.26,1.91,3.30,7.00,1.91,1.80,Estadio Huancayo
1754330400,Aug 04 2025 - 6:00pm,complete,N/A,UTC Cajamarca,Real Garcilaso,N/A,4,1.00,2.00,0.92,1.97,1,2,3,2,1,1,"37","42,90'5",7,8,2,0,5,0,0,2,1,4,13,16,4,5,9,11,15,14,39,61,1.29,1.25,1.37,1.62,2.80,48,75,55,25,20,30,75,40,80,7.55,5.05,3.00,3.40,2.15,1.25,1.91,3.15,6.15,1.75,1.95,Estadio Héroes de San Ramón
1754337600,Aug 04 2025 - 8:00pm,complete,N/A,Sport Boys,ADT,N/A,4,1.00,1.35,1.03,1.40,1,0,1,1,1,0,"35","",4,9,2,1,5,0,0,3,2,3,14,12,5,2,9,10,11,15,43,57,1.18,1.60,1.45,1.29,2.86,51,76,59,34,13,42,76,37,86,8.90,6.56,1.93,3.25,3.05,1.25,1.87,3.30,5.80,1.73,2.05,Estadio Miguel Grau del Callao
1754352000,Aug 05 2025 - 12:00am,complete,N/A,Cienciano,Los Chankas,N/A,4,1.14,1.30,1.43,1.43,3,0,3,1,1,0,"24,88,90'2","",4,3,3,0,2,0,2,1,1,1,21,7,11,2,10,5,16,17,56,44,1.57,1.25,2.33,0.72,2.86,73,78,59,34,17,47,64,42,85,9.95,5.49,1.64,4.50,6.05,1.20,1.62,2.58,5.00,1.73,2.00,Estadio Inca Garcilaso de la Vega
1754413200,Aug 05 2025 - 5:00pm,complete,N/A,Alianza Universidad,Universitario,N/A,4,0.67,2.19,0.80,2.26,0,2,2,1,0,1,"","15,90'3",5,4,0,1,0,0,0,1,0,0,6,13,2,6,4,7,11,11,65,35,1.45,1.65,0.80,1.50,2.81,46,79,48,38,19,33,74,45,79,9.43,4.53,4.60,3.50,1.67,1.33,2.07,3.65,6.50,1.92,1.79,Estadio Heraclio Tapia León
1754424000,Aug 05 2025 - 8:00pm,complete,N/A,Melgar,Juan Pablo II College,N/A,4,1.67,1.05,1.60,0.94,1,1,2,1,1,0,"38","57",11,0,3,0,0,0,0,3,0,0,21,5,5,2,16,3,11,6,69,31,1.58,1.20,2.25,0.61,2.69,53,76,50,26,15,31,81,39,81,8.95,4.38,1.22,6.00,11.00,1.19,1.60,2.55,4.33,2.20,1.55,N/A
1754442000,Aug 06 2025 - 1:00am,complete,N/A,Alianza Lima,Sporting Cristal,N/A,4,1.95,1.95,1.89,1.74,0,0,0,0,0,0,"","",8,3,3,1,6,1,3,1,3,4,18,5,1,2,17,3,6,10,49,51,1.66,1.58,1.66,0.67,2.53,43,69,46,24,17,36,62,26,84,12.33,4.81,2.07,3.18,3.53,1.24,1.70,2.70,5.30,1.74,2.10,N/A
1754510400,Aug 06 2025 - 8:00pm,complete,N/A,Atlético Grau,Deportivo Garcilaso,N/A,4,1.25,1.62,1.09,1.49,1,1,2,0,0,0,"53","90'4",3,6,1,1,3,1,0,2,1,3,16,16,4,5,12,11,18,10,57,43,1.35,1.19,2.00,1.52,2.61,49,76,56,25,10,29,66,47,83,8.15,5.55,1.50,3.95,6.71,0.00,2.05,0.00,0.00,1.91,1.80,N/A
1754519400,Aug 06 2025 - 10:30pm,canceled,N/A,Deportivo Binacional,Alianza Atlético,N/A,4,1.00,1.76,1.00,1.63,0,0,0,0,0,0,"","",-1,-1,-1,-1,-1,-1,-1,-1,-1,-1,-1,-1,-1,-1,-1,-1,-1,-1,-1,-1,1.25,1.33,0.00,0.00,2.54,53,73,45,26,15,36,65,36,75,7.33,5.18,2.21,3.35,3.35,1.34,2.23,4.00,6.50,2.01,1.85,N/A
1754683200,Aug 08 2025 - 8:00pm,complete,N/A,Comerciantes Unidos,Cienciano,N/A,5,0.57,1.23,1.06,1.43,1,1,2,0,0,0,"57","90'3",2,7,2,0,2,0,0,2,0,2,7,18,1,4,6,14,11,9,36,64,1.04,1.60,0.62,1.91,2.79,60,77,52,33,19,40,56,49,89,9.85,6.89,3.24,3.13,2.30,1.27,1.90,3.20,6.50,1.75,1.95,Estadio Juan Maldonado Gamarra
1754762400,Aug 09 2025 - 6:00pm,complete,N/A,Ayacucho,Alianza Lima,N/A,5,0.86,1.91,0.83,1.89,0,1,1,0,0,0,"","76",6,2,2,0,4,0,1,1,1,3,9,7,1,3,8,4,12,9,48,52,1.13,1.66,0.66,0.73,2.09,41,60,36,14,10,34,62,21,66,8.86,5.41,3.80,3.47,1.82,1.40,2.10,4.00,8.25,1.98,1.66,Estadio Ciudad de Cumaná
1754770500,Aug 09 2025 - 8:15pm,complete,N/A,ADT,Sport Huancayo,N/A,5,1.29,1.68,1.40,1.37,1,0,1,0,0,0,"78","",5,3,2,1,3,0,0,3,1,2,12,6,3,0,9,6,14,6,53,47,1.59,1.54,1.26,0.69,2.75,47,68,58,33,14,35,72,37,77,10.60,5.54,2.30,3.25,2.75,1.25,1.95,3.22,6.45,1.69,2.02,N/A
1754782200,Aug 09 2025 - 11:30pm,complete,N/A,Universitario,Sport Boys,N/A,5,2.23,1.09,2.26,1.03,1,0,1,1,1,0,"20","",10,2,1,0,1,0,1,0,0,1,23,8,8,2,15,6,17,12,57,43,1.64,1.19,2.43,0.75,2.78,46,78,48,37,14,39,75,41,84,8.59,6.14,1.30,4.60,9.17,1.28,2.05,2.70,6.95,2.10,1.67,Estadio Monumental
1754841600,Aug 10 2025 - 4:00pm,complete,N/A,Sporting Cristal,Melgar,N/A,5,1.91,1.64,1.74,1.60,1,0,1,1,1,0,"45'7","",1,10,2,1,4,1,1,2,4,1,6,16,2,1,4,15,12,17,45,55,1.54,1.61,0.59,1.18,2.73,59,80,52,27,18,32,77,39,82,12.04,5.54,1.66,3.55,4.20,1.29,1.85,2.95,5.50,1.85,1.89,Estadio Alberto Gallardo
1754849700,Aug 10 2025 - 6:15pm,complete,N/A,Los Chankas,Atlético Grau,N/A,5,1.24,1.24,1.43,1.09,3,2,5,1,0,1,"53,56,90","45'6,72",1,3,2,0,1,1,1,1,1,1,17,6,7,3,10,3,13,14,43,57,1.22,1.38,1.84,0.91,2.77,64,86,58,24,10,36,69,45,84,8.05,4.00,1.94,3.15,3.81,1.34,2.18,3.80,7.50,1.83,1.83,Estadio Los Chankas
1754857800,Aug 10 2025 - 8:30pm,canceled,N/A,Juan Pablo II College,Deportivo Binacional,N/A,5,1.05,1.00,0.94,1.00,0,0,0,0,0,0,"","",-1,-1,-1,-1,-1,-1,-1,-1,-1,-1,-1,-1,-1,-1,-1,-1,-1,-1,-1,-1,1.17,1.25,0.00,0.00,2.81,52,79,49,32,17,42,70,35,81,6.83,4.10,1.47,3.70,6.20,1.22,2.01,2.98,6.10,1.98,1.74,N/A
1754942400,Aug 11 2025 - 8:00pm,complete,N/A,Alianza Atlético,UTC Cajamarca,N/A,5,1.76,0.95,1.63,0.92,2,0,2,2,2,0,"1,3","",4,3,2,1,1,0,1,2,1,0,15,5,5,3,10,2,14,11,48,52,1.33,1.29,1.63,0.73,2.50,46,67,48,22,17,34,72,29,74,7.67,5.67,1.41,4.20,6.00,1.26,2.05,3.40,6.50,2.10,1.73,N/A
1754956800,Aug 12 2025 - 12:00am,complete,N/A,Deportivo Garcilaso,Alianza Universidad,N/A,5,1.59,0.64,1.49,0.80,1,1,2,0,0,0,"84","49",6,2,3,0,4,0,0,3,1,3,19,12,7,5,12,7,14,16,48,52,1.21,1.42,2.00,1.23,2.62,45,73,55,30,14,32,71,41,78,8.82,6.04,1.61,3.60,4.50,1.28,2.08,3.50,6.50,1.80,1.82,Estadio Inca Garcilaso de la Vega
1755289380,Aug 15 2025 - 8:23pm,complete,N/A,Atlético Grau,Comerciantes Unidos,N/A,6,1.18,0.59,1.09,1.06,1,2,3,1,0,1,"67","35,89",3,0,1,0,3,0,1,0,1,2,13,6,5,3,8,3,12,9,73,27,1.36,1.02,1.81,0.70,2.73,57,84,48,25,14,30,60,53,86,7.96,5.41,1.33,4.40,7.40,1.23,1.87,3.08,5.90,2.32,1.57,N/A
1755306000,Aug 16 2025 - 1:00am,complete,N/A,Sport Boys,Deportivo Garcilaso,N/A,6,1.04,1.57,1.03,1.49,0,1,1,1,0,1,"","34",8,4,2,0,3,0,1,1,1,2,18,11,1,5,17,6,11,15,68,32,1.17,1.24,1.72,1.21,2.57,48,70,55,28,9,37,70,39,81,8.00,7.61,1.65,3.30,5.00,1.37,2.18,3.95,7.20,2.10,1.67,Estadio Miguel Grau del Callao
1755375300,Aug 16 2025 - 8:15pm,complete,N/A,UTC Cajamarca,Juan Pablo II College,N/A,6,0.91,1.05,0.92,0.94,0,0,0,0,0,0,"","",7,4,3,0,2,0,2,1,0,2,19,11,6,3,13,8,10,10,71,29,1.27,1.17,2.20,1.08,2.75,43,73,50,28,18,41,77,27,78,7.13,4.50,1.88,3.41,4.00,1.30,2.05,3.70,7.20,1.85,1.83,Estadio Héroes de San Ramón
1755383400,Aug 16 2025 - 10:30pm,canceled,N/A,Deportivo Binacional,Sporting Cristal,N/A,6,1.00,1.96,1.00,1.74,0,0,0,0,0,0,"","",-1,-1,-1,-1,-1,-1,-1,-1,-1,-1,-1,-1,-1,-1,-1,-1,-1,-1,-1,-1,1.25,1.50,0.00,0.00,2.83,56,79,52,34,21,43,67,36,79,9.60,5.37,3.00,3.25,2.15,1.30,1.98,3.45,6.25,1.73,1.91,N/A
1755392400,Aug 17 2025 - 1:00am,complete,N/A,Alianza Lima,ADT,N/A,6,1.96,1.36,1.89,1.40,3,1,4,0,0,0,"51,68,76","82",7,1,0,0,1,0,0,0,0,1,24,3,5,1,19,2,13,12,61,39,1.62,1.57,2.27,0.47,2.28,38,60,41,21,9,27,61,27,80,10.83,5.12,1.40,4.20,7.50,1.20,1.81,2.93,5.50,2.00,1.70,N/A
1755450000,Aug 17 2025 - 5:00pm,complete,N/A,Sport Huancayo,Universitario,N/A,6,1.61,2.26,1.37,2.26,1,1,2,1,0,1,"62","8",3,8,1,0,4,0,0,1,2,2,14,11,5,7,9,4,12,14,55,45,1.50,1.68,1.51,1.54,2.68,41,70,48,35,15,33,70,42,79,10.22,5.00,2.20,3.00,3.15,1.38,2.26,3.98,7.70,1.98,1.75,Estadio Huancayo
1755460800,Aug 17 2025 - 8:00pm,complete,N/A,Melgar,Ayacucho,N/A,6,1.57,0.83,1.60,0.83,2,1,3,1,1,0,"18,90","63",9,1,1,0,2,0,0,1,2,0,20,5,4,2,16,3,11,11,62,38,1.59,1.11,2.03,0.62,2.35,57,70,43,17,11,30,79,33,68,8.96,5.87,1.48,4.90,7.10,1.17,1.67,2.62,4.55,2.05,1.69,N/A
1755473400,Aug 17 2025 - 11:30pm,complete,N/A,Real Garcilaso,Alianza Atlético,N/A,6,2.05,1.82,1.97,1.63,1,0,1,1,1,0,"25","",4,3,3,0,3,0,1,2,1,2,11,12,7,4,4,8,11,11,65,35,1.27,1.35,1.40,1.22,2.59,47,73,52,21,17,31,72,38,77,7.96,5.15,1.35,4.40,7.50,1.25,1.79,2.84,5.50,2.00,1.70,Estadio Inca Garcilaso de la Vega
1755885600,Aug 22 2025 - 6:00pm,canceled,N/A,Ayacucho,Deportivo Binacional,N/A,7,0.79,1.00,0.83,1.00,0,0,0,0,0,0,"","",-1,-1,-1,-1,-1,-1,-1,-1,-1,-1,-1,-1,-1,-1,-1,-1,-1,-1,-1,-1,1.08,1.25,0.00,0.00,2.54,57,74,47,25,15,42,67,34,69,6.47,5.50,1.67,3.50,4.00,1.29,1.91,3.20,6.00,1.93,1.83,Estadio Ciudad de Cumaná
1755893700,Aug 22 2025 - 8:15pm,complete,N/A,Juan Pablo II College,Real Garcilaso,N/A,7,1.04,2.09,0.94,1.97,0,0,0,0,0,0,"","",8,3,1,0,3,2,0,1,2,3,24,3,6,2,18,1,12,11,53,47,1.17,1.27,2.54,0.54,2.76,45,74,54,27,18,33,76,36,80,7.48,4.06,3.50,3.30,2.17,1.29,1.95,3.35,7.00,1.73,1.97,N/A
1755964800,Aug 23 2025 - 4:00pm,complete,N/A,Sporting Cristal,UTC Cajamarca,N/A,7,1.96,0.91,1.74,0.92,2,2,4,1,0,1,"54,75","27,63",13,1,3,0,4,0,1,2,2,2,21,6,7,4,14,2,9,12,69,31,1.50,1.31,2.24,0.77,2.72,46,72,53,29,22,41,72,28,74,10.04,5.78,1.19,6.50,14.00,1.13,1.42,2.16,3.35,2.00,1.70,Estadio Alberto Gallardo
1755972900,Aug 23 2025 - 6:15pm,complete,N/A,Los Chankas,Sport Boys,N/A,7,1.32,1.00,1.43,1.03,2,1,3,1,1,0,"8,72","76",6,5,2,0,4,0,0,2,1,3,12,11,3,2,9,9,12,9,43,57,1.25,1.20,1.14,1.11,2.77,60,77,59,31,11,44,78,35,79,7.81,5.90,1.65,3.50,4.50,1.30,1.95,3.90,6.50,1.92,1.70,Estadio Los Chankas
1755981000,Aug 23 2025 - 8:30pm,complete,N/A,Comerciantes Unidos,Alianza Universidad,N/A,7,0.70,0.65,1.06,0.80,1,2,3,2,0,2,"75","14,45'4",8,3,3,0,6,1,1,2,0,7,17,9,5,5,12,4,11,18,57,43,1.01,1.42,1.71,1.10,2.70,53,81,48,28,15,33,66,46,81,8.35,5.78,2.30,3.00,2.90,1.32,2.10,3.60,7.50,1.77,1.85,Estadio Juan Maldonado Gamarra
1755990000,Aug 23 2025 - 11:00pm,complete,N/A,Deportivo Garcilaso,Sport Huancayo,N/A,7,1.63,1.58,1.49,1.37,1,1,2,1,1,0,"4","53",5,1,1,0,3,0,0,1,0,3,12,22,4,6,8,16,13,11,45,55,1.24,1.50,1.28,2.09,2.50,46,65,54,27,11,31,65,40,77,9.37,6.55,2.40,2.90,2.91,1.33,2.10,3.80,7.00,1.85,1.85,Estadio Inca Garcilaso de la Vega
1756058400,Aug 24 2025 - 6:00pm,complete,N/A,ADT,Melgar,N/A,7,1.30,1.63,1.40,1.60,2,2,4,0,0,0,"90'17,69","86,90'1",1,8,3,1,6,1,1,3,1,6,7,11,2,4,5,7,13,18,54,46,1.53,1.61,0.78,1.27,2.62,58,75,52,26,11,24,79,43,81,10.91,5.41,3.05,3.35,2.35,1.33,1.93,3.30,6.55,1.77,1.95,N/A
1756066500,Aug 24 2025 - 8:15pm,complete,N/A,Cienciano,Atlético Grau,N/A,7,1.22,1.13,1.43,1.09,1,0,1,0,0,0,"50","",4,4,3,0,3,1,0,3,1,3,9,10,4,0,5,10,15,11,46,54,1.62,1.38,1.07,0.95,2.81,66,81,52,29,18,31,59,55,89,10.09,4.87,1.48,4.10,5.50,1.30,1.96,3.40,7.00,2.07,1.66,Estadio Inca Garcilaso de la Vega
1756074600,Aug 24 2025 - 10:30pm,complete,N/A,Universitario,Alianza Lima,N/A,7,2.21,2.00,2.26,1.89,0,0,0,0,0,0,"","",2,1,4,0,3,2,3,1,2,3,18,5,4,0,14,5,10,14,51,49,1.67,1.65,1.79,0.51,2.32,38,67,34,26,11,25,61,34,81,10.75,4.50,2.05,2.79,4.00,1.53,2.64,5.30,9.50,2.10,1.60,Estadio Monumental
1756584000,Aug 30 2025 - 8:00pm,complete,N/A,Alianza Universidad,Los Chankas,N/A,6,0.75,1.39,0.80,1.43,2,1,3,1,0,1,"66,90'6","7",6,4,4,0,4,0,2,2,3,1,16,11,9,3,7,8,10,17,71,29,1.40,1.24,2.03,1.03,2.84,62,83,60,30,15,38,77,41,79,8.46,4.68,1.84,3.64,4.35,1.22,1.80,2.93,5.65,1.73,1.99,Estadio Heraclio Tapia León
1756670400,Aug 31 2025 - 8:00pm,complete,N/A,Atlético Grau,ADT,N/A,2,1.08,1.29,1.09,1.40,2,0,2,1,1,0,"9,51","",4,1,1,0,2,0,0,1,0,2,13,14,4,4,9,10,20,10,48,52,1.36,1.50,1.36,1.41,2.77,54,77,54,30,13,25,65,48,86,8.83,4.66,1.57,3.67,4.90,1.25,1.98,3.22,5.75,1.83,1.83,N/A
1757700000,Sep 12 2025 - 6:00pm,complete,N/A,UTC Cajamarca,Ayacucho,N/A,8,0.92,0.79,0.92,0.83,0,1,1,0,0,0,"","53",7,4,0,1,4,0,0,1,2,2,12,7,2,4,10,3,11,12,72,28,1.28,1.08,1.36,0.89,2.46,48,67,48,21,15,40,73,27,65,6.79,5.96,2.00,3.10,3.40,1.38,2.30,4.10,7.90,2.00,1.75,Estadio Héroes de San Ramón
1757708100,Sep 12 2025 - 8:15pm,complete,N/A,Sport Huancayo,Los Chankas,N/A,8,1.56,1.33,1.37,1.43,1,2,3,1,1,0,"36","61,56",7,2,1,0,2,0,0,1,1,1,20,6,7,3,13,3,9,18,54,46,1.53,1.23,2.10,0.70,2.76,62,76,62,29,13,37,74,39,80,8.95,5.01,1.53,4.00,5.75,1.18,1.71,2.66,5.00,1.80,1.91,Estadio Huancayo
1757786400,Sep 13 2025 - 6:00pm,complete,N/A,Sport Boys,Comerciantes Unidos,N/A,8,0.96,0.67,1.03,1.06,0,1,1,0,0,0,"","67",2,4,4,0,4,0,2,2,2,2,18,6,2,1,16,5,11,20,67,33,1.19,1.04,1.77,0.62,2.66,53,76,51,27,11,39,69,41,82,7.95,7.22,1.54,3.85,4.80,1.33,2.10,3.70,7.00,2.12,1.70,Estadio Miguel Grau del Callao
1757794500,Sep 13 2025 - 8:15pm,complete,N/A,Alianza Atlético,Juan Pablo II College,N/A,8,1.74,1.04,1.63,0.94,0,1,1,1,0,1,"","22",6,6,1,1,3,1,1,1,2,2,19,8,4,4,15,4,7,14,66,34,1.34,1.23,1.92,1.06,2.40,39,64,43,23,15,34,71,26,70,7.41,4.58,1.50,3.75,5.50,1.33,2.12,3.70,7.00,2.20,1.60,N/A
1757808000,Sep 14 2025 - 12:00am,complete,N/A,Alianza Lima,Deportivo Garcilaso,N/A,8,1.96,1.60,1.89,1.49,3,4,7,6,2,4,"74,44,8","21,32,42,39",6,1,2,0,2,0,2,0,1,1,20,8,6,5,14,3,11,10,76,24,1.60,1.24,2.19,0.94,2.12,40,60,40,18,6,24,54,32,78,9.72,6.08,1.22,5.71,13.00,1.33,1.65,2.44,5.25,2.10,1.55,N/A
1757871000,Sep 14 2025 - 5:30pm,complete,N/A,Alianza Universidad,Cienciano,N/A,8,0.84,1.29,0.80,1.43,0,3,3,2,0,2,"","35,44,77",8,2,5,1,2,0,2,4,2,0,6,9,0,6,6,3,10,22,69,31,1.43,1.59,0.60,1.11,2.74,60,76,51,31,19,35,63,45,84,10.60,5.61,2.47,3.20,2.65,1.30,1.91,2.93,5.40,1.63,2.08,Estadio Heraclio Tapia León
1757872800,Sep 14 2025 - 6:00pm,canceled,N/A,Deportivo Binacional,ADT,N/A,8,1.00,1.24,1.00,1.40,0,0,0,0,0,0,"","",-1,-1,-1,-1,-1,-1,-1,-1,-1,-1,-1,-1,-1,-1,-1,-1,-1,-1,-1,-1,1.25,1.49,0.00,0.00,2.80,56,78,52,34,14,35,66,41,82,8.07,5.17,2.21,3.16,2.98,1.28,1.88,3.10,6.30,1.76,2.06,N/A
1757880000,Sep 14 2025 - 8:00pm,complete,N/A,Melgar,Universitario,N/A,8,1.60,2.16,1.60,2.26,1,2,3,2,1,1,"8","23,81",2,5,1,1,2,0,0,2,1,1,9,16,3,8,6,8,10,13,60,40,1.60,1.68,1.12,1.88,2.56,54,78,42,28,12,22,78,46,80,10.92,5.24,2.26,2.98,3.30,1.42,2.30,4.00,9.00,2.00,1.77,N/A
1757889000,Sep 14 2025 - 10:30pm,complete,N/A,Real Garcilaso,Sporting Cristal,N/A,8,2.04,1.92,1.97,1.74,3,2,5,3,2,1,"28,45,78","2,52",6,3,2,0,3,1,1,1,2,2,19,12,6,4,13,8,4,7,59,41,1.24,1.53,1.98,1.18,2.81,49,75,58,30,21,34,73,38,79,10.46,5.48,1.98,3.25,3.50,1.30,2.02,3.44,4.50,1.57,1.88,Estadio Inca Garcilaso de la Vega
1757980800,Sep 16 2025 - 12:00am,canceled,N/A,Universitario,Juan Pablo II College,N/A,9,2.19,1.12,2.26,0.94,0,0,0,0,0,0,"","",-1,-1,-1,-1,-1,-1,-1,-1,-1,-1,-1,-1,-1,-1,-1,-1,-1,-1,-1,-1,1.68,1.22,0.00,0.00,2.57,39,71,41,32,16,34,73,33,77,8.53,4.22,0.00,0.00,0.00,0.00,0.00,0.00,0.00,0.00,0.00,Estadio Monumental
1758052800,Sep 16 2025 - 8:00pm,complete,N/A,ADT,UTC Cajamarca,N/A,9,1.24,0.88,1.40,0.92,3,1,4,1,1,0,"62,74,3","89",4,3,3,0,3,0,1,2,3,0,14,12,7,3,7,9,14,12,37,63,1.49,1.29,1.61,1.24,2.68,46,70,52,30,14,32,70,34,78,8.52,5.60,1.63,3.60,4.20,1.25,1.75,2.70,5.00,1.75,2.00,N/A
1758132000,Sep 17 2025 - 6:00pm,complete,N/A,Sporting Cristal,Alianza Atlético,N/A,9,1.84,1.67,1.74,1.63,0,0,0,0,0,0,"","",10,6,3,1,2,0,1,3,0,2,16,15,3,1,13,14,8,12,70,30,1.51,1.37,1.79,1.35,2.59,45,67,49,29,21,37,72,31,72,10.20,5.91,1.37,3.90,5.25,1.23,1.83,2.88,6.00,2.04,1.80,Estadio Alberto Gallardo
1758140100,Sep 17 2025 - 8:15pm,complete,N/A,Comerciantes Unidos,Sport Huancayo,N/A,9,0.76,1.50,1.06,1.37,2,0,2,0,0,0,"70,90'3","",4,8,3,0,5,0,1,2,3,2,18,15,11,7,7,8,11,16,45,55,1.02,1.55,2.25,2.05,2.61,53,73,51,26,12,34,63,42,83,9.03,6.22,2.80,3.10,2.48,1.33,1.80,3.30,6.35,1.75,1.97,Estadio Juan Maldonado Gamarra
1758155400,Sep 18 2025 - 12:30am,complete,N/A,Cienciano,Sport Boys,N/A,9,1.36,0.92,1.43,1.03,2,2,4,1,0,1,"75,61","8,81",8,2,1,0,4,0,0,1,2,2,17,5,5,4,12,1,9,9,77,23,1.57,1.22,1.88,0.67,2.65,55,69,51,30,14,39,65,40,85,9.80,6.73,1.44,4.25,5.90,1.19,1.72,2.63,4.75,1.85,1.75,Estadio Inca Garcilaso de la Vega
1758218400,Sep 18 2025 - 6:00pm,complete,N/A,Ayacucho,Real Garcilaso,N/A,9,0.88,2.08,0.83,1.97,0,1,1,1,0,1,"","10",5,2,2,0,2,0,1,1,1,1,13,14,4,3,9,11,13,7,34,66,1.08,1.27,1.42,1.29,2.52,49,68,51,21,17,35,72,35,70,7.17,5.62,3.79,3.35,2.05,1.32,2.00,4.00,7.50,1.85,1.85,Estadio Ciudad de Cumaná
1758226500,Sep 18 2025 - 8:15pm,complete,N/A,Atlético Grau,Alianza Universidad,N/A,9,1.16,0.81,1.09,0.80,2,0,2,1,1,0,"15,72","",3,4,1,0,2,0,0,1,0,2,12,14,3,4,9,10,22,11,48,52,1.36,1.40,1.24,1.46,2.71,53,83,51,24,14,28,71,45,83,8.89,4.45,1.55,4.00,5.70,1.33,1.89,2.86,6.25,2.05,1.70,N/A
1758241800,Sep 19 2025 - 12:30am,complete,N/A,Deportivo Garcilaso,Melgar,N/A,9,1.65,1.54,1.49,1.60,1,1,2,1,1,0,"6","54",1,8,2,0,2,0,0,2,2,0,7,19,2,4,5,15,12,12,36,64,1.23,1.58,0.78,1.95,2.56,60,75,52,23,10,25,75,44,81,9.92,6.54,2.98,3.15,2.30,1.32,2.10,3.52,7.50,1.80,1.90,Estadio Inca Garcilaso de la Vega
1758326400,Sep 20 2025 - 12:00am,canceled,N/A,Alianza Universidad,Deportivo Garcilaso,N/A,10,0.78,1.63,0.80,1.49,0,0,0,0,0,0,"","",-1,-1,-1,-1,-1,-1,-1,-1,-1,-1,-1,-1,-1,-1,-1,-1,-1,-1,-1,-1,1.40,1.22,0.00,0.00,2.63,50,76,52,26,13,32,73,39,80,8.67,6.26,0.00,0.00,0.00,0.00,0.00,0.00,0.00,0.00,0.00,Estadio Heraclio Tapia León
1758412800,Sep 21 2025 - 12:00am,complete,N/A,UTC Cajamarca,Universitario,N/A,10,0.85,2.19,0.92,2.26,1,2,3,1,0,1,"67","32,90'8",2,7,3,0,5,0,2,1,1,4,8,28,3,8,5,20,11,10,43,57,1.29,1.68,0.84,2.97,2.62,44,73,44,31,15,33,73,37,77,8.73,5.19,11.00,4.20,1.26,1.26,1.90,3.15,6.00,2.25,1.52,Estadio Heraclio Tapia León
1758477600,Sep 21 2025 - 6:00pm,complete,N/A,Melgar,Los Chankas,N/A,10,1.52,1.40,1.60,1.43,6,1,7,3,3,0,"27,31,45,73,57,83","66",1,1,1,0,1,0,0,1,0,1,15,13,9,3,6,10,17,11,59,41,1.59,1.21,1.78,1.21,2.74,73,85,60,24,10,30,83,46,83,9.76,5.13,1.35,4.50,7.20,1.12,1.51,2.39,4.10,1.83,1.93,N/A
1758485700,Sep 21 2025 - 8:15pm,complete,N/A,Juan Pablo II College,Sporting Cristal,N/A,10,1.12,1.81,0.94,1.74,0,0,0,0,0,0,"","",5,0,3,0,1,1,1,2,1,1,15,11,3,1,12,10,11,11,51,49,1.22,1.52,1.50,0.97,2.70,43,69,51,33,22,39,71,30,75,10.10,4.99,4.00,3.30,1.83,1.25,1.95,3.15,5.75,1.85,1.89,N/A
1758493800,Sep 21 2025 - 10:30pm,complete,N/A,Sport Huancayo,Cienciano,N/A,10,1.44,1.35,1.37,1.43,5,2,7,5,3,2,"15,9,38,85,90'5","7,24",1,7,5,0,2,1,4,1,2,1,17,19,10,5,7,14,15,8,41,59,1.57,1.59,2.00,1.87,2.69,57,70,53,31,15,34,61,44,85,11.15,5.70,2.25,3.10,3.00,1.28,2.03,3.20,6.25,1.72,2.13,Estadio Huancayo
1758502800,Sep 22 2025 - 1:00am,complete,N/A,Alianza Lima,Comerciantes Unidos,N/A,10,1.88,0.85,1.89,1.06,4,0,4,1,1,0,"33,59,78,75","",3,2,1,0,2,0,1,0,2,0,19,9,8,4,11,5,14,11,69,31,1.62,1.07,2.19,0.99,2.33,45,68,39,19,10,29,50,35,83,9.47,5.89,1.22,5.85,10.50,1.15,1.61,2.50,4.20,2.19,1.62,N/A
1758571200,Sep 22 2025 - 8:00pm,complete,N/A,Alianza Atlético,Ayacucho,N/A,10,1.64,0.85,1.63,0.83,3,0,3,2,2,0,"14,8,56","",2,4,2,0,1,1,1,1,0,2,13,8,7,0,6,8,14,11,43,57,1.37,1.09,1.60,0.77,2.14,41,57,39,16,12,33,69,24,59,7.12,5.92,1.46,3.75,6.00,1.33,2.20,3.85,6.90,2.32,1.57,N/A
1758586500,Sep 23 2025 - 12:15am,complete,N/A,Real Garcilaso,ADT,N/A,10,2.12,1.31,1.97,1.40,0,2,2,1,0,1,"","1,86",5,3,1,0,2,0,0,1,0,2,10,11,1,6,9,5,11,8,70,30,1.27,1.50,1.08,1.29,2.79,49,73,57,31,16,28,73,43,81,8.62,5.25,1.46,4.17,5.50,1.15,1.59,2.67,4.60,1.76,1.97,Estadio Inca Garcilaso de la Vega
1758587400,Sep 23 2025 - 12:30am,complete,N/A,Sport Boys,Atlético Grau,N/A,10,0.93,1.23,1.03,1.09,1,1,2,2,1,1,"35","15",5,3,2,0,1,0,0,2,0,1,12,9,8,3,4,6,11,15,38,62,1.20,1.35,1.69,1.21,2.62,51,76,49,25,10,28,72,42,83,8.00,5.44,2.48,3.10,2.90,1.45,2.40,4.70,8.90,2.02,1.75,Estadio Miguel Grau del Callao
1758830400,Sep 25 2025 - 8:00pm,complete,N/A,Ayacucho,Juan Pablo II College,N/A,11,0.81,1.12,0.83,0.94,2,1,3,2,1,1,"45'5,75","43",8,4,3,0,3,0,0,3,2,1,30,8,12,3,18,5,15,8,52,48,1.08,1.23,3.03,0.94,2.32,40,61,43,21,13,38,70,23,64,6.88,4.99,1.83,3.50,3.70,1.28,2.13,3.55,6.50,1.84,1.90,Estadio Ciudad de Cumaná
1758844800,Sep 26 2025 - 12:00am,complete,N/A,Deportivo Garcilaso,UTC Cajamarca,N/A,11,1.63,0.81,1.49,0.92,0,0,0,0,0,0,"","",6,8,2,0,2,0,0,2,1,1,19,12,7,3,12,9,14,10,42,58,1.22,1.27,1.89,1.17,2.60,50,70,52,26,13,32,71,37,78,7.70,6.44,1.46,4.35,5.60,1.24,1.89,2.66,5.45,2.08,1.77,Estadio Inca Garcilaso de la Vega
1758844800,Sep 26 2025 - 12:00am,canceled,N/A,Los Chankas,Sporting Cristal,N/A,11,1.35,1.78,1.43,1.74,0,0,0,0,0,0,"","",-1,-1,-1,-1,-1,-1,-1,-1,-1,-1,-1,-1,-1,-1,-1,-1,-1,-1,-1,-1,1.21,1.50,0.00,0.00,2.95,63,79,65,34,21,42,74,42,80,9.84,5.42,0.00,0.00,0.00,0.00,0.00,0.00,0.00,0.00,0.00,Estadio Los Chankas
1758902400,Sep 26 2025 - 4:00pm,complete,N/A,Alianza Universidad,Sport Boys,N/A,11,0.78,0.93,0.80,1.03,2,3,5,2,0,2,"90'8,71","90'15,14,16",9,1,3,0,5,0,1,2,2,3,24,11,4,4,20,7,9,12,78,22,1.40,1.21,2.33,1.14,2.64,49,75,51,28,11,36,79,35,77,8.78,6.24,2.25,3.20,2.80,1.35,1.88,3.52,6.25,1.94,1.80,Estadio Heraclio Tapia León
1758910500,Sep 26 2025 - 6:15pm,complete,N/A,ADT,Alianza Atlético,N/A,11,1.37,1.69,1.40,1.63,1,0,1,0,0,0,"85","",6,1,1,0,3,0,0,1,1,2,23,8,7,2,16,6,11,12,62,38,1.49,1.37,2.36,0.83,2.47,42,66,47,26,12,29,70,32,74,8.44,5.55,1.67,3.60,4.75,1.31,2.09,3.95,7.00,1.96,1.75,N/A
1758918600,Sep 26 2025 - 8:30pm,complete,N/A,Atlético Grau,Sport Huancayo,N/A,11,1.22,1.50,1.09,1.37,3,1,4,1,1,0,"8,49,83","88",4,3,2,0,0,0,1,1,0,0,18,8,6,3,12,5,12,1,52,48,1.35,1.58,1.90,0.95,2.67,53,77,49,24,13,27,68,44,82,9.14,4.53,1.70,4.10,4.75,1.24,1.95,3.15,5.25,1.85,1.87,N/A
1759003200,Sep 27 2025 - 8:00pm,complete,N/A,Comerciantes Unidos,Melgar,N/A,11,0.81,1.57,1.06,1.60,1,1,2,0,0,0,"90'1","51",2,8,2,0,2,0,1,1,0,2,18,12,4,5,14,7,7,10,44,56,1.07,1.60,1.62,1.36,2.68,62,82,49,24,11,27,71,49,86,9.60,6.27,4.59,3.55,1.66,1.34,2.15,3.65,7.20,2.00,1.78,Estadio Juan Maldonado Gamarra
1759014000,Sep 27 2025 - 11:00pm,complete,N/A,Universitario,Real Garcilaso,N/A,11,2.22,2.04,2.26,1.97,3,2,5,3,2,1,"66,22,26","86,34",7,4,1,0,2,0,0,1,1,1,23,7,9,4,14,3,10,11,42,58,1.74,1.27,2.57,0.91,2.66,45,76,48,28,17,29,76,43,79,9.01,4.86,1.36,4.20,7.80,1.25,1.82,3.04,5.70,2.06,1.71,Estadio Monumental
1759100400,Sep 28 2025 - 11:00pm,complete,N/A,Cienciano,Alianza Lima,N/A,11,1.30,1.93,1.43,1.89,2,1,3,2,2,0,"11,15","54",2,3,5,0,4,2,2,3,3,3,20,6,10,2,10,4,17,11,56,44,1.60,1.64,2.24,0.69,2.54,50,65,45,28,15,32,52,37,86,11.41,5.26,2.10,3.25,3.50,1.26,1.85,3.10,5.80,1.76,1.95,Estadio Inca Garcilaso de la Vega
1759104000,Sep 29 2025 - 12:00am,canceled,N/A,Sport Boys,Comerciantes Unidos,N/A,12,1.00,0.82,1.03,1.06,0,0,0,0,0,0,"","",-1,-1,-1,-1,-1,-1,-1,-1,-1,-1,-1,-1,-1,-1,-1,-1,-1,-1,-1,-1,1.21,1.09,0.00,0.00,2.65,53,76,49,28,11,37,67,44,83,7.61,7.12,0.00,0.00,0.00,0.00,0.00,0.00,0.00,0.00,0.00,Estadio Miguel Grau del Callao
1759168800,Sep 29 2025 - 6:00pm,complete,N/A,UTC Cajamarca,Los Chankas,N/A,12,0.82,1.35,0.92,1.43,2,0,2,1,1,0,"17,61","",2,3,0,0,4,0,0,0,1,3,19,9,9,1,10,8,13,13,56,44,1.27,1.21,2.11,0.86,2.83,62,78,62,28,15,37,76,41,78,7.61,5.06,2.30,3.48,2.95,1.30,1.95,3.10,5.75,1.73,2.00,Estadio Héroes de San Ramón
1759176900,Sep 29 2025 - 8:15pm,complete,N/A,Sporting Cristal,Ayacucho,N/A,12,1.78,0.89,1.74,0.83,3,0,3,3,3,0,"6,23,38","",6,4,1,0,0,0,1,0,0,0,17,6,8,1,9,5,9,9,61,39,1.50,1.15,1.99,0.73,2.52,47,66,51,26,19,42,69,27,68,9.51,6.26,1.18,5.25,8.50,1.11,1.57,2.35,3.92,2.03,1.75,Estadio Alberto Gallardo
1759255200,Sep 30 2025 - 6:00pm,complete,N/A,Sport Huancayo,Alianza Universidad,N/A,12,1.45,0.75,1.37,0.80,5,1,6,3,2,1,"26,23,78,80,90'3","20",3,2,2,0,3,1,0,2,2,2,13,14,9,4,4,10,18,9,52,48,1.56,1.43,1.52,1.27,2.78,51,76,55,30,16,34,74,40,79,10.00,5.33,1.55,4.05,5.30,1.20,1.65,2.63,4.55,1.72,2.02,Estadio Huancayo
1759263300,Sep 30 2025 - 8:15pm,complete,N/A,Juan Pablo II College,ADT,N/A,12,1.07,1.43,0.94,1.40,1,1,2,0,0,0,"54","76",4,0,2,0,2,1,1,1,2,1,9,9,3,2,6,7,10,10,46,54,1.22,1.52,1.04,0.99,2.60,42,67,49,31,13,31,69,31,78,8.31,4.64,2.42,3.00,3.25,1.38,2.15,3.80,7.50,1.83,1.92,N/A
1759278600,Oct 01 2025 - 12:30am,complete,N/A,Real Garcilaso,Deportivo Garcilaso,N/A,12,1.96,1.61,1.97,1.49,4,0,4,1,1,0,"14,66,55,88","",2,5,2,0,3,0,1,1,2,1,13,19,7,4,6,15,8,8,48,52,1.25,1.24,1.42,1.87,2.62,49,71,53,26,17,30,71,42,79,8.03,5.94,1.95,3.30,3.20,1.28,1.85,2.98,5.55,1.74,1.95,Estadio Inca Garcilaso de la Vega
1759359600,Oct 01 2025 - 11:00pm,complete,N/A,Alianza Atlético,Universitario,N/A,12,1.63,2.25,1.63,2.26,0,2,2,0,0,0,"","69,87",2,6,2,0,1,0,0,2,0,1,3,16,0,4,3,12,11,15,34,66,1.35,1.77,0.45,1.74,2.39,40,68,40,26,15,31,71,34,73,8.81,5.21,5.70,3.40,1.63,1.38,2.14,3.78,7.80,2.00,1.68,Estadio Heraclio Tapia León
1759368600,Oct 02 2025 - 1:30am,complete,N/A,Alianza Lima,Atlético Grau,N/A,12,1.86,1.29,1.89,1.09,2,1,3,1,0,1,"55,53","13",3,9,1,0,2,0,0,1,1,1,17,16,7,4,10,12,15,9,54,46,1.61,1.37,1.90,1.53,2.41,47,72,41,20,9,23,59,36,83,9.43,4.21,1.37,5.20,6.40,1.34,1.91,3.22,6.00,2.05,1.70,N/A
1759451400,Oct 03 2025 - 12:30am,complete,N/A,Melgar,Cienciano,N/A,12,1.55,1.36,1.60,1.43,2,0,2,0,0,0,"48,66","",4,4,2,0,4,0,1,1,1,3,9,15,7,4,2,11,14,12,46,54,1.59,1.62,1.30,1.56,2.81,70,79,53,29,16,32,70,49,88,11.65,5.79,1.74,3.60,3.75,1.20,1.67,2.65,4.80,1.62,2.15,N/A
1759521600,Oct 03 2025 - 8:00pm,complete,N/A,Comerciantes Unidos,UTC Cajamarca,N/A,13,0.82,0.90,1.06,0.92,2,1,3,3,2,1,"34,26","10",2,6,2,0,1,0,2,0,0,1,5,13,3,2,2,11,14,6,31,69,1.09,1.29,0.69,1.26,2.58,50,76,47,25,13,32,63,43,81,7.61,6.15,2.30,3.05,3.10,1.26,1.94,3.20,6.25,1.74,2.05,Estadio Juan Maldonado Gamarra
1759600800,Oct 04 2025 - 6:00pm,complete,N/A,Los Chankas,Real Garcilaso,N/A,13,1.30,2.00,1.43,1.97,2,1,3,2,1,1,"39,90'6","5",8,8,6,0,4,1,1,5,2,3,22,12,8,7,14,5,15,15,46,54,1.20,1.26,2.14,1.52,2.95,60,82,64,30,18,35,80,47,82,7.63,4.69,2.70,3.20,2.25,1.28,1.85,2.92,5.45,1.65,2.05,Estadio Los Chankas
1759608900,Oct 04 2025 - 8:15pm,complete,N/A,ADT,Sporting Cristal,N/A,13,1.41,1.82,1.40,1.74,3,2,5,3,1,2,"15,71,73","45'1,39",4,12,0,0,0,0,0,0,0,0,21,16,9,3,12,13,11,3,43,57,1.50,1.52,2.22,1.55,2.76,47,72,55,35,18,34,67,37,79,10.59,5.83,2.09,3.10,3.52,1.28,2.05,3.80,6.45,1.81,1.97,N/A
1759622400,Oct 05 2025 - 12:00am,complete,N/A,Sport Boys,Sport Huancayo,N/A,13,1.00,1.50,1.03,1.37,2,1,3,1,1,0,"12,75","67",5,8,3,0,3,1,0,3,1,3,11,16,4,4,7,12,8,13,45,55,1.21,1.56,1.31,1.60,2.77,53,70,55,32,14,37,75,39,78,8.90,6.33,1.93,3.30,3.40,1.30,1.95,3.50,7.00,1.82,1.88,Estadio Miguel Grau del Callao
1759622400,Oct 05 2025 - 12:00am,canceled,N/A,Cienciano,Ayacucho,N/A,13,1.31,0.86,1.43,0.83,0,0,0,0,0,0,"","",-1,-1,-1,-1,-1,-1,-1,-1,-1,-1,-1,-1,-1,-1,-1,-1,-1,-1,-1,-1,1.62,1.13,0.00,0.00,2.61,56,69,52,24,16,43,64,37,76,9.03,6.10,0.00,0.00,0.00,0.00,0.00,0.00,0.00,0.00,0.00,Estadio Inca Garcilaso de la Vega
1759683600,Oct 05 2025 - 5:00pm,complete,N/A,Alianza Universidad,Alianza Lima,N/A,13,0.72,1.90,0.80,1.89,2,1,3,2,1,1,"2,48","36",0,5,7,0,1,1,3,4,0,2,9,15,2,3,7,12,18,7,39,61,1.43,1.62,0.86,1.43,2.54,45,71,47,24,14,31,66,33,79,10.17,5.10,3.75,3.37,2.00,1.32,1.86,3.04,6.25,1.71,2.05,Estadio Heraclio Tapia León
1759694400,Oct 05 2025 - 8:00pm,complete,N/A,Atlético Grau,Melgar,N/A,13,1.24,1.60,1.09,1.60,0,0,0,0,0,0,"","",4,1,1,1,2,1,0,2,0,3,6,6,3,1,3,5,12,10,60,40,1.37,1.58,0.96,0.60,2.66,65,85,48,21,10,21,75,51,85,10.00,4.46,2.30,2.85,2.80,1.30,2.00,3.50,6.75,1.75,2.05,N/A
1759703400,Oct 05 2025 - 10:30pm,complete,N/A,Deportivo Garcilaso,Alianza Atlético,N/A,13,1.55,1.57,1.49,1.63,2,4,6,2,0,2,"76,90'2","20,24,53,64",2,5,5,0,3,0,2,3,3,0,7,13,2,6,5,7,14,16,58,42,1.26,1.32,0.83,1.45,2.30,40,63,44,21,11,29,65,33,72,7.75,6.30,1.55,3.19,5.00,1.33,2.07,3.70,7.00,1.95,1.70,Estadio Inca Garcilaso de la Vega
1759705200,Oct 05 2025 - 11:00pm,complete,N/A,Universitario,Juan Pablo II College,N/A,13,2.28,1.07,2.26,0.94,3,0,3,0,0,0,"83,50,65","",3,3,2,0,2,0,0,2,0,2,24,3,9,0,15,3,9,8,65,35,1.77,1.21,2.67,0.38,2.56,42,72,42,30,16,34,70,37,77,8.78,4.31,1.16,6.70,14.50,1.17,1.53,2.33,3.82,2.69,1.42,Estadio Monumental
1760227200,Oct 12 2025 - 12:00am,canceled,N/A,Sport Huancayo,Atlético Grau,N/A,14,1.45,1.23,1.37,1.09,0,0,0,0,0,0,"","",-1,-1,-1,-1,-1,-1,-1,-1,-1,-1,-1,-1,-1,-1,-1,-1,-1,-1,-1,-1,1.56,1.36,0.00,0.00,2.74,56,77,53,26,13,26,69,48,82,9.27,4.51,0.00,0.00,0.00,0.00,0.00,0.00,0.00,0.00,0.00,Estadio Huancayo
1760292000,Oct 12 2025 - 6:00pm,complete,N/A,Ayacucho,ADT,N/A,14,0.86,1.47,0.83,1.40,2,2,4,2,1,1,"25,62","30,52",3,6,1,2,1,0,1,2,0,1,7,19,2,4,5,15,8,7,30,70,1.13,1.53,0.78,1.81,2.54,48,68,51,26,12,36,70,32,73,7.74,5.67,2.55,3.05,2.65,1.36,2.15,4.00,8.50,1.85,1.85,Estadio Ciudad de Cumaná
1760301000,Oct 12 2025 - 8:30pm,complete,N/A,Alianza Atlético,Los Chankas,N/A,14,1.62,1.36,1.63,1.43,1,0,1,0,0,0,"82","",11,4,4,0,1,0,0,4,0,1,14,10,4,4,10,6,21,18,53,47,1.33,1.23,1.52,1.03,2.64,55,74,55,23,14,37,74,37,76,7.58,5.22,1.53,4.15,5.60,1.30,1.91,3.40,6.50,2.00,1.73,N/A
1760310000,Oct 12 2025 - 11:00pm,complete,N/A,Real Garcilaso,Comerciantes Unidos,N/A,14,1.93,0.90,1.97,1.06,1,1,2,1,0,1,"50","15",8,7,2,0,4,0,0,2,1,3,16,14,3,5,13,9,6,10,71,29,1.27,1.07,1.47,1.32,2.75,52,80,54,26,16,33,67,49,83,7.80,5.86,1.45,4.10,6.25,1.25,1.80,3.05,5.50,1.98,1.75,Estadio Inca Garcilaso de la Vega
1760378400,Oct 13 2025 - 6:00pm,complete,N/A,UTC Cajamarca,Cienciano,N/A,14,0.87,1.31,0.92,1.43,0,2,2,0,0,0,"","75,66",5,4,3,0,1,0,1,2,1,0,14,17,2,7,12,10,15,7,49,51,1.29,1.62,1.24,2.03,2.73,57,73,53,29,17,37,64,41,82,9.66,5.73,2.85,3.20,2.22,1.28,1.85,2.65,6.00,1.68,2.15,Estadio Héroes de San Ramón
1760386500,Oct 13 2025 - 8:15pm,complete,N/A,Juan Pablo II College,Deportivo Garcilaso,N/A,14,1.03,1.50,0.94,1.49,0,1,1,0,0,0,"","84",8,2,4,0,2,0,2,2,1,1,23,8,7,3,16,5,14,16,60,40,1.18,1.25,2.35,0.98,2.54,44,68,49,27,14,32,67,36,76,7.65,5.53,2.00,3.20,3.51,0.00,2.05,0.00,0.00,1.83,1.83,Estadio Heraclio Tapia León
1760482800,Oct 14 2025 - 11:00pm,complete,N/A,Melgar,Alianza Universidad,N/A,14,1.58,0.80,1.60,0.80,2,1,3,2,2,0,"9,38","57",6,2,0,0,0,0,0,0,0,0,22,6,7,3,15,3,15,8,54,46,1.55,1.41,2.04,0.62,2.73,61,82,51,25,15,30,79,44,81,10.35,5.57,1.28,5.00,8.00,1.18,1.62,2.50,4.60,2.00,1.80,N/A
1760662800,Oct 17 2025 - 1:00am,complete,N/A,Alianza Lima,Sport Boys,N/A,14,1.83,1.07,1.89,1.03,3,1,4,2,1,1,"29,82,63","45'2",4,2,1,0,0,0,1,0,0,0,28,5,7,2,21,3,12,12,64,36,1.61,1.21,2.68,0.63,2.44,47,65,47,24,9,34,67,30,79,9.26,6.06,1.44,4.00,6.25,1.22,1.82,3.00,5.60,2.07,1.68,Estadio Alejandro Villanueva
1760745600,Oct 18 2025 - 12:00am,canceled,N/A,Alianza Universidad,ADT,N/A,15,0.77,1.45,0.80,1.40,0,0,0,0,0,0,"","",-1,-1,-1,-1,-1,-1,-1,-1,-1,-1,-1,-1,-1,-1,-1,-1,-1,-1,-1,-1,1.38,1.53,0.00,0.00,2.87,54,79,57,34,16,36,75,42,84,9.03,5.35,0.00,0.00,0.00,0.00,0.00,0.00,0.00,0.00,0.00,Estadio Heraclio Tapia León
1760810400,Oct 18 2025 - 6:00pm,complete,N/A,Los Chankas,Juan Pablo II College,N/A,15,1.31,1.00,1.43,0.94,1,0,1,1,1,0,"40","",6,11,3,0,1,0,1,2,1,0,19,11,4,4,15,7,10,9,48,52,1.23,1.22,0.00,0.00,2.70,55,75,56,26,14,37,71,36,80,7.66,4.41,1.63,3.66,3.68,1.26,1.92,3.14,5.40,1.89,1.83,Estadio Los Chankas
1760818500,Oct 18 2025 - 8:15pm,complete,N/A,Comerciantes Unidos,Alianza Atlético,N/A,15,0.90,1.67,1.06,1.63,1,0,1,1,1,0,"17","",0,2,4,0,7,0,1,3,2,5,9,15,4,3,5,12,21,16,41,59,1.08,1.33,0.00,0.00,2.40,45,70,42,20,12,32,60,39,77,7.80,6.23,2.30,2.91,3.11,1.37,2.29,4.00,7.50,1.90,1.75,Estadio Juan Maldonado Gamarra
1760828400,Oct 18 2025 - 11:00pm,complete,N/A,Cienciano,Real Garcilaso,N/A,15,1.37,1.90,1.43,1.97,1,2,3,2,0,2,"71","37,43",4,3,2,0,4,1,2,0,1,4,16,7,7,3,9,4,12,11,59,41,1.63,1.28,1.64,0.80,2.85,57,77,55,30,20,35,67,48,87,9.90,5.46,2.30,3.10,3.00,1.31,1.95,3.14,6.75,1.70,2.08,Estadio Inca Garcilaso de la Vega
1760904000,Oct 19 2025 - 8:00pm,complete,N/A,Atlético Grau,UTC Cajamarca,N/A,15,1.23,0.84,1.09,0.92,0,2,2,0,0,0,"","57,52",5,3,1,0,4,0,0,1,0,4,11,6,4,3,7,3,11,14,71,29,1.36,1.29,1.45,0.76,2.56,51,77,48,22,12,26,69,41,77,8.17,4.42,1.43,4.10,5.85,1.18,1.72,2.80,4.70,1.88,1.88,N/A
1760913000,Oct 19 2025 - 10:30pm,complete,N/A,Deportivo Garcilaso,Sporting Cristal,N/A,15,1.55,1.76,1.49,1.74,0,1,1,0,0,0,"","88",4,8,3,0,2,0,0,3,0,2,10,18,3,5,7,13,10,11,37,63,1.24,1.52,1.05,1.87,2.72,48,70,56,34,21,37,67,38,77,10.25,6.52,2.16,3.45,2.83,1.28,1.90,2.90,5.20,1.65,2.05,Estadio Inca Garcilaso de la Vega
1760984100,Oct 20 2025 - 6:15pm,complete,N/A,Sport Huancayo,Alianza Lima,N/A,15,1.45,1.87,1.37,1.89,1,2,3,1,0,1,"90'8","23,90'1",9,3,2,0,3,1,2,0,2,2,21,11,6,7,15,4,8,15,58,42,1.56,1.65,2.12,1.35,2.57,49,66,50,26,11,31,63,36,81,10.39,5.13,2.50,3.10,2.75,1.26,1.93,3.20,6.25,1.71,2.10,Estadio Huancayo
1761001200,Oct 20 2025 - 11:00pm,complete,N/A,Sport Boys,Melgar,N/A,15,1.03,1.63,1.03,1.60,1,0,1,1,1,0,"44","",3,7,2,0,1,0,0,2,1,0,12,17,5,2,7,15,8,9,33,67,1.20,1.56,1.36,1.63,2.64,62,76,51,26,10,32,80,43,79,9.56,6.18,3.41,3.25,2.10,1.38,2.15,3.82,7.90,1.85,1.85,Estadio Miguel Grau del Callao
1761009300,Oct 21 2025 - 1:15am,complete,N/A,Universitario,Ayacucho,N/A,15,2.30,0.87,2.26,0.83,2,1,3,2,1,1,"16,90'2","22",13,1,1,1,1,0,0,2,0,1,23,3,9,1,14,2,6,9,74,26,1.80,1.12,2.70,0.35,2.52,45,72,47,25,14,39,72,37,72,8.30,5.44,1.11,8.75,33.00,1.12,1.47,2.22,3.50,3.04,1.33,Estadio Monumental
1761264000,Oct 24 2025 - 12:00am,canceled,N/A,Sport Boys,Alianza Lima,N/A,16,1.09,1.91,1.03,1.89,0,0,0,0,0,0,"","",-1,-1,-1,-1,-1,-1,-1,-1,-1,-1,-1,-1,-1,-1,-1,-1,-1,-1,-1,-1,1.20,1.64,0.00,0.00,2.47,49,66,49,25,8,35,69,33,78,9.06,5.94,0.00,0.00,0.00,0.00,0.00,0.00,0.00,0.00,0.00,Estadio Miguel Grau del Callao
1761267600,Oct 24 2025 - 1:00am,complete,N/A,Sporting Cristal,Universitario,N/A,14,1.80,2.32,1.74,2.26,0,1,1,0,0,0,"","53",4,3,0,0,2,0,0,0,2,0,16,8,4,3,12,5,9,18,72,28,1.53,1.83,1.77,0.95,2.76,46,76,51,35,22,38,69,41,79,11.66,5.32,3.10,2.66,2.20,1.36,2.25,4.05,9.00,1.92,1.89,Estadio Alberto Gallardo
1761336000,Oct 24 2025 - 8:00pm,complete,N/A,Juan Pablo II College,Comerciantes Unidos,N/A,16,0.97,0.97,0.94,1.06,0,1,1,1,0,1,"","33",8,3,2,0,1,0,0,2,1,0,14,15,7,4,7,11,10,12,59,41,1.22,1.08,1.89,1.39,2.47,45,71,44,23,12,32,62,37,78,7.75,5.42,1.83,3.20,4.25,1.34,2.07,3.60,7.50,1.93,1.77,N/A
1761415200,Oct 25 2025 - 6:00pm,complete,N/A,Ayacucho,Deportivo Garcilaso,N/A,16,0.84,1.50,0.83,1.49,4,2,6,2,2,0,"19,25,69,90'9","77,83",2,0,4,2,5,3,2,4,5,3,20,3,9,2,11,1,19,8,53,47,1.10,1.23,2.25,0.46,2.44,48,66,51,22,12,38,69,32,71,7.14,6.53,2.20,3.00,3.00,1.34,2.16,4.30,7.50,2.00,1.84,Estadio Ciudad de Cumaná
1761423300,Oct 25 2025 - 8:15pm,complete,N/A,Alianza Atlético,Cienciano,N/A,16,1.61,1.32,1.63,1.43,0,1,1,0,0,0,"","87",6,1,3,0,6,1,2,1,2,5,15,9,4,2,11,7,19,17,49,51,1.33,1.63,1.57,0.91,2.52,49,66,45,24,16,36,60,39,80,9.55,5.94,2.05,3.25,3.50,1.29,1.98,3.40,6.05,1.75,1.91,N/A
1761433200,Oct 25 2025 - 11:00pm,complete,N/A,Real Garcilaso,Atlético Grau,N/A,16,1.94,1.19,1.97,1.09,1,0,1,0,0,0,"80","",2,5,1,0,1,0,1,0,0,1,13,12,6,3,7,9,10,12,49,51,1.26,1.36,1.48,1.21,2.70,54,81,52,23,15,26,73,47,83,8.42,4.26,1.35,3.95,7.00,1.29,1.75,3.00,5.20,1.95,1.74,Estadio Inca Garcilaso de la Vega
1761494400,Oct 26 2025 - 4:00pm,complete,N/A,Sporting Cristal,Los Chankas,N/A,16,1.74,1.37,1.74,1.43,0,1,1,1,0,1,"","33",18,2,4,0,4,1,1,3,1,4,34,10,11,3,23,7,10,19,76,24,1.54,1.23,3.46,0.99,2.84,58,76,61,31,20,41,73,38,79,10.22,5.27,1.25,7.23,8.20,1.12,1.48,2.06,3.40,2.30,1.58,Estadio Alberto Gallardo
1761502500,Oct 26 2025 - 6:15pm,complete,N/A,UTC Cajamarca,Alianza Universidad,N/A,16,0.91,0.77,0.92,0.80,3,2,5,2,0,2,"67,90'4,90'7","24,43",2,4,1,0,4,0,0,1,0,4,9,8,3,4,6,4,8,12,50,50,1.28,1.38,0.97,1.02,2.70,50,78,53,26,16,37,75,37,77,8.55,5.43,2.01,3.25,3.15,1.29,1.93,3.35,6.40,1.70,2.00,Estadio Héroes de San Ramón
1761510600,Oct 26 2025 - 8:30pm,complete,N/A,ADT,Universitario,N/A,16,1.45,2.34,1.40,2.26,1,2,3,1,1,0,"43","57,78",6,4,0,0,4,1,0,0,2,3,18,9,4,5,14,4,6,8,51,49,1.53,1.80,1.69,1.20,2.75,48,76,50,35,15,30,69,46,86,9.61,4.99,3.50,3.20,2.05,1.33,2.33,4.40,7.70,1.92,1.80,N/A
1761519600,Oct 26 2025 - 11:00pm,complete,N/A,Melgar,Sport Huancayo,N/A,16,1.58,1.41,1.60,1.37,2,0,2,1,1,0,"36,54","",11,3,2,0,1,1,1,1,1,1,12,7,5,3,7,4,14,6,69,31,1.57,1.58,1.51,0.78,2.70,62,76,52,25,13,26,76,46,80,10.95,5.33,1.46,4.30,6.59,1.17,1.66,2.49,4.45,1.83,1.97,N/A
1761868800,Oct 31 2025 - 12:00am,canceled,N/A,Sport Huancayo,Universitario,N/A,17,1.36,2.36,1.37,2.26,0,0,0,0,0,0,"","",-1,-1,-1,-1,-1,-1,-1,-1,-1,-1,-1,-1,-1,-1,-1,-1,-1,-1,-1,-1,1.55,1.78,0.00,0.00,2.76,50,76,52,30,15,30,72,47,84,10.27,5.18,0.00,0.00,0.00,0.00,0.00,0.00,0.00,0.00,0.00,Estadio Huancayo
1761958800,Nov 01 2025 - 1:00am,complete,N/A,Alianza Lima,Melgar,N/A,17,1.91,1.62,1.89,1.60,2,2,4,2,1,1,"41,90'7","33,72",5,3,2,0,4,1,1,1,3,2,18,7,9,4,9,3,10,6,60,40,1.64,1.56,2.21,0.96,2.39,55,71,44,19,8,25,68,36,80,11.10,5.06,1.83,3.35,3.95,1.37,2.15,3.74,7.20,1.97,1.73,Estadio Alejandro Villanueva
1762020000,Nov 01 2025 - 6:00pm,complete,N/A,Los Chankas,Ayacucho,N/A,17,1.42,0.91,1.43,0.83,1,0,1,0,0,0,"49","",4,2,2,0,3,0,1,1,2,1,11,6,5,2,6,4,8,17,50,50,1.22,1.13,1.22,0.79,2.67,59,74,59,23,13,45,78,34,72,7.03,5.64,2.15,3.20,2.95,1.30,1.93,3.35,6.50,1.70,1.90,Estadio Los Chankas
1762028100,Nov 01 2025 - 8:15pm,complete,N/A,Comerciantes Unidos,Sporting Cristal,N/A,17,1.03,1.69,1.06,1.74,1,4,5,2,1,1,"45'2","68,72,83,4",6,6,2,1,1,0,2,1,1,0,11,20,5,10,6,10,7,12,35,65,1.09,1.60,1.22,2.25,2.61,49,72,49,28,17,36,63,39,77,10.35,6.26,3.75,3.30,2.05,1.29,1.92,3.30,6.25,1.70,1.95,Estadio Juan Maldonado Gamarra
1762038000,Nov 01 2025 - 11:00pm,complete,N/A,Deportivo Garcilaso,ADT,N/A,17,1.45,1.41,1.49,1.40,1,0,1,0,0,0,"50","",5,4,2,1,1,0,0,3,0,1,9,11,1,1,8,10,15,5,43,57,1.21,1.54,0.82,1.10,2.74,51,71,54,34,14,29,67,45,85,8.26,6.23,2.65,3.19,2.55,1.33,2.05,3.42,6.50,1.70,1.95,Estadio Inca Garcilaso de la Vega
1762106400,Nov 02 2025 - 6:00pm,complete,N/A,Alianza Universidad,Real Garcilaso,N/A,17,0.75,1.97,0.80,1.97,2,2,4,4,2,2,"19,34","5,45'8",9,4,3,0,5,0,3,0,0,5,17,14,5,7,12,7,10,10,54,46,1.37,1.27,1.86,1.62,2.86,53,80,58,28,21,38,80,41,81,8.72,5.25,2.75,3.55,2.11,1.24,1.75,2.84,5.40,1.64,2.10,Estadio Heraclio Tapia León
1762115400,Nov 02 2025 - 8:30pm,complete,N/A,Atlético Grau,Alianza Atlético,N/A,17,1.16,1.56,1.09,1.63,1,1,2,2,1,1,"14","21",4,3,4,0,3,0,2,2,0,3,9,9,3,3,6,6,10,14,69,31,1.36,1.34,0.94,1.07,2.31,42,67,39,18,11,24,63,38,75,8.25,4.66,2.70,2.93,2.75,1.43,2.20,4.00,9.30,1.80,1.83,N/A
1762124400,Nov 02 2025 - 11:00pm,complete,N/A,Cienciano,Juan Pablo II College,N/A,17,1.38,0.94,1.43,0.94,2,1,3,1,0,1,"88,78","13",5,1,1,0,3,0,0,1,1,2,28,6,3,4,25,2,8,13,70,30,1.61,1.24,2.48,0.82,2.58,49,67,47,27,16,36,60,38,82,9.66,5.13,1.22,5.75,11.00,1.17,1.53,2.40,4.00,1.95,1.77,Estadio Inca Garcilaso de la Vega
1762124400,Nov 02 2025 - 11:00pm,complete,N/A,Sport Boys,UTC Cajamarca,N/A,17,1.09,0.97,1.03,0.92,2,2,4,3,2,1,"18,44","12,69",3,6,3,0,1,0,0,3,1,0,10,5,4,2,6,3,9,8,55,45,1.20,1.27,1.17,0.75,2.62,49,71,51,28,12,37,76,37,74,7.75,6.11,1.57,3.60,5.00,1.30,2.00,3.40,6.40,1.85,1.80,Estadio Miguel Grau del Callao
1762373700,Nov 05 2025 - 8:15pm,complete,N/A,Los Chankas,Alianza Lima,N/A,9,1.47,1.88,1.43,1.89,1,2,3,1,0,1,"73","44,61",1,2,3,1,3,0,2,2,1,2,9,7,3,4,6,3,10,15,50,50,1.22,1.66,0.99,0.96,2.57,56,71,54,23,10,34,68,36,82,9.02,4.98,2.82,3.09,2.42,1.29,2.10,3.30,6.35,1.80,2.03,Estadio Los Chankas
1762473600,Nov 07 2025 - 12:00am,canceled,N/A,Melgar,Alianza Lima,N/A,18,1.60,1.91,1.60,1.89,0,0,0,0,0,0,"","",-1,-1,-1,-1,-1,-1,-1,-1,-1,-1,-1,-1,-1,-1,-1,-1,-1,-1,-1,-1,1.55,1.64,0.00,0.00,2.45,57,73,47,21,8,26,70,39,81,10.92,5.16,0.00,0.00,0.00,0.00,0.00,0.00,0.00,0.00,0.00,N/A
1762538400,Nov 07 2025 - 6:00pm,complete,N/A,Real Garcilaso,Sport Boys,N/A,18,1.94,1.09,1.97,1.03,3,0,3,1,1,0,"26,53,66","",7,2,0,0,1,0,0,0,0,1,16,8,5,3,11,5,9,7,62,38,1.28,1.20,1.70,0.80,2.75,54,73,57,30,14,38,81,38,78,7.97,6.00,1.19,5.25,8.75,1.18,1.57,2.50,4.25,2.05,1.65,Estadio Inca Garcilaso de la Vega
1762546500,Nov 07 2025 - 8:15pm,complete,N/A,Sporting Cristal,Cienciano,N/A,18,1.73,1.42,1.74,1.43,2,1,3,1,0,1,"47,90'4","39",5,3,1,1,3,0,0,2,1,2,9,9,6,2,3,7,16,14,48,52,1.62,1.64,1.25,1.07,2.81,55,72,55,33,23,41,61,43,84,12.12,5.91,1.60,3.95,4.90,1.16,1.64,2.70,4.60,1.67,2.05,Estadio Alberto Gallardo
1762567200,Nov 08 2025 - 2:00am,complete,N/A,Universitario,Deportivo Garcilaso,N/A,18,2.36,1.50,2.26,1.49,0,0,0,0,0,0,"","",7,0,3,0,0,0,0,3,0,0,24,2,4,2,20,0,9,7,76,24,1.78,1.20,2.51,0.38,2.63,46,72,48,30,15,30,66,45,84,8.91,6.16,1.12,7.57,20.00,0.00,1.47,2.10,0.00,2.25,1.57,Estadio Monumental
1762624800,Nov 08 2025 - 6:00pm,complete,N/A,Ayacucho,Comerciantes Unidos,N/A,18,0.88,1.00,0.83,1.06,0,3,3,0,0,0,"","",7,3,2,0,5,1,2,0,1,5,14,8,4,2,10,6,10,17,64,36,1.12,1.10,1.60,0.77,2.52,52,72,49,21,12,41,67,36,73,6.88,6.48,1.75,3.38,4.00,1.33,1.95,3.40,6.25,1.85,1.92,Estadio Ciudad de Cumaná
1762632900,Nov 08 2025 - 8:15pm,complete,N/A,Juan Pablo II College,Atlético Grau,N/A,18,0.91,1.15,0.94,1.09,3,1,4,2,2,0,"39,43,68","56",3,3,1,0,2,0,0,1,2,0,8,9,5,2,3,7,8,15,30,70,1.23,1.35,1.11,0.97,2.43,46,72,42,20,11,26,66,38,76,8.33,3.79,1.90,3.10,4.20,1.46,2.35,4.50,8.00,2.10,1.66,N/A
1762711200,Nov 09 2025 - 6:00pm,complete,N/A,UTC Cajamarca,Sport Huancayo,N/A,18,0.97,1.36,0.92,1.37,0,3,3,0,0,0,"","51,68,78",5,1,3,0,2,0,1,2,0,2,11,17,4,12,7,5,12,4,47,53,1.25,1.55,1.25,2.26,2.74,51,74,54,28,15,33,72,40,78,9.12,5.32,2.31,3.20,3.00,1.28,1.84,2.92,6.40,1.62,2.10,Estadio Héroes de San Ramón
1762719300,Nov 09 2025 - 8:15pm,complete,N/A,Alianza Atlético,Alianza Universidad,N/A,18,1.55,0.76,1.63,0.80,2,1,3,1,0,1,"51,63","13",11,2,2,0,1,0,1,1,0,1,17,5,6,1,11,4,15,14,48,52,1.33,1.38,1.79,0.56,2.55,46,70,47,24,17,38,73,32,72,8.70,5.73,1.43,4.20,7.00,1.22,1.70,2.62,4.80,1.85,1.82,N/A
1762804800,Nov 10 2025 - 8:00pm,complete,N/A,ADT,Los Chankas,N/A,18,1.36,1.42,1.40,1.43,1,0,1,1,1,0,"45'3","",3,9,5,0,2,1,4,1,3,0,19,9,4,2,15,7,17,11,52,48,1.53,1.21,1.91,0.97,2.81,60,76,60,30,12,32,73,44,85,8.21,5.06,1.58,3.95,5.25,1.19,1.72,2.75,5.00,1.75,2.01,N/A
1763251200,Nov 16 2025 - 12:00am,canceled,N/A,Melgar,Deportivo Garcilaso,N/A,19,1.60,1.49,1.60,1.49,0,0,0,0,0,0,"","",-1,-1,-1,-1,-1,-1,-1,-1,-1,-1,-1,-1,-1,-1,-1,-1,-1,-1,-1,-1,1.55,1.17,0.00,0.00,2.53,56,72,48,25,12,26,70,43,80,9.49,6.29,0.00,0.00,0.00,0.00,0.00,0.00,0.00,0.00,0.00,N/A
1763323200,Nov 16 2025 - 8:00pm,complete,N/A,Sport Boys,Alianza Atlético,N/A,19,1.06,1.59,1.03,1.63,0,1,1,1,0,1,"","19",1,2,3,0,3,0,2,1,1,2,14,17,2,6,12,11,11,17,60,40,1.19,1.35,1.45,1.73,2.42,44,64,46,24,11,35,74,32,71,7.97,6.29,2.13,2.95,3.25,1.38,2.30,4.20,7.70,1.85,1.75,Estadio Miguel Grau del Callao
1763582400,Nov 19 2025 - 8:00pm,complete,N/A,Atlético Grau,Sporting Cristal,N/A,19,1.12,1.76,1.09,1.74,1,2,3,1,0,1,"67","36,53",4,3,2,0,2,0,1,1,1,1,8,7,1,4,7,3,9,16,61,39,1.33,1.61,0.00,0.00,2.66,52,75,50,28,18,33,67,43,78,10.83,4.61,3.35,3.20,2.10,1.28,1.83,2.97,5.60,1.65,2.00,N/A
1763843400,Nov 22 2025 - 8:30pm,complete,N/A,Los Chankas,Universitario,N/A,19,1.38,2.32,1.43,2.26,3,1,4,2,2,0,"14,38,48","60",2,6,1,0,0,1,0,1,1,0,14,7,7,3,7,4,10,10,48,52,1.20,1.80,1.52,0.99,2.68,55,76,53,27,14,32,74,44,81,9.06,5.06,4.40,3.25,1.76,1.36,2.01,3.34,6.55,1.82,1.86,Estadio Los Chankas
1763928000,Nov 23 2025 - 8:00pm,complete,N/A,Comerciantes Unidos,ADT,N/A,19,1.06,1.41,1.06,1.40,0,0,0,0,0,0,"","",2,3,2,1,3,2,1,2,2,3,11,15,3,2,8,13,15,11,51,49,1.09,1.54,0.00,0.00,2.68,52,75,50,30,12,29,64,46,82,8.12,6.06,4.00,3.10,2.07,1.30,2.00,3.50,8.00,1.84,1.84,Estadio Juan Maldonado Gamarra
1763928000,Nov 23 2025 - 8:00pm,complete,N/A,Alianza Universidad,Juan Pablo II College,N/A,19,0.74,0.97,0.80,0.94,3,0,3,2,2,0,"38,45'2,81","",5,2,1,0,2,0,0,1,1,1,17,6,4,0,13,6,13,14,58,42,1.36,1.23,1.56,0.51,2.69,49,74,53,28,17,38,75,35,75,8.71,4.71,1.99,3.55,3.25,1.22,1.78,2.85,4.95,1.63,2.34,Estadio Heraclio Tapia León
1763928000,Nov 23 2025 - 8:00pm,complete,N/A,Alianza Lima,UTC Cajamarca,N/A,19,1.91,0.94,1.89,0.92,3,0,3,2,2,0,"17,31,85","",6,3,2,1,3,0,2,1,1,2,12,7,4,6,8,1,10,12,47,53,1.64,1.25,1.35,1.14,2.49,47,70,49,24,10,32,64,35,78,9.12,5.07,1.13,5.84,12.47,1.13,1.49,2.28,3.90,2.11,1.63,Estadio Alejandro Villanueva
1763928000,Nov 23 2025 - 8:00pm,complete,N/A,Cienciano,Ayacucho,N/A,19,1.38,0.85,1.43,0.83,2,1,3,0,0,0,"65,82","73",7,3,4,0,2,0,1,3,1,1,20,11,7,2,13,9,6,14,68,32,1.62,1.14,2.05,1.00,2.65,56,71,55,24,15,43,64,39,78,8.64,6.15,1.38,4.60,6.00,1.17,1.67,2.74,4.80,1.88,1.80,Estadio Inca Garcilaso de la Vega
1763928000,Nov 23 2025 - 8:00pm,complete,N/A,Sport Huancayo,Real Garcilaso,N/A,19,1.41,1.97,1.37,1.97,1,2,3,1,0,1,"74","45'3,68",8,0,1,0,2,0,0,1,0,2,23,2,5,2,18,0,10,9,48,52,1.57,1.29,2.16,0.34,2.82,52,75,59,28,17,31,75,44,81,9.27,5.18,2.15,3.30,2.87,1.25,1.82,2.92,5.75,1.64,2.07,Estadio Huancayo
1764723600,Dec 03 2025 - 1:00am,complete,N/A,Sporting Cristal,Alianza Lima,N/A,N/A,1.80,1.94,1.74,1.89,1,1,2,0,0,0,"68","82",5,5,1,0,2,0,0,1,1,1,10,15,3,5,7,10,15,15,67,33,1.61,1.63,1.18,1.55,2.57,48,68,53,27,16,36,65,34,79,11.68,5.29,2.40,2.95,3.00,1.36,2.27,4.15,8.80,1.91,1.80,Estadio Alberto Gallardo
1765069200,Dec 07 2025 - 1:00am,complete,N/A,Alianza Lima,Sporting Cristal,N/A,N/A,1.92,1.78,1.89,1.74,3,3,6,4,3,1,"27,45'1,16","7,82,90'1",7,10,3,0,2,0,0,3,1,1,18,12,6,4,12,8,16,11,38,62,1.63,1.60,1.76,1.32,2.56,49,68,52,26,16,35,63,36,79,11.64,5.22,2.00,3.20,3.40,1.31,2.11,2.97,7.70,1.83,1.85,Estadio Alejandro Villanueva
1765414800,Dec 11 2025 - 1:00am,complete,N/A,Sporting Cristal,Real Garcilaso,N/A,N/A,1.76,2.00,1.74,1.97,1,0,1,1,1,0,"15","",8,1,2,0,2,0,0,2,1,1,15,6,5,2,10,4,13,12,39,61,1.59,1.26,1.41,0.65,2.82,51,74,59,31,22,36,74,42,78,10.70,5.19,1.54,3.75,5.00,1.24,1.85,3.10,5.75,1.86,1.87,Estadio Alejandro Villanueva
1765753200,Dec 14 2025 - 11:00pm,complete,N/A,Real Garcilaso,Sporting Cristal,N/A,N/A,1.94,1.79,1.97,1.74,2,0,2,1,1,0,"37,56","",3,8,2,1,2,0,0,3,1,1,11,12,6,4,5,8,0,3,52,48,1.25,1.58,1.26,1.16,2.77,50,72,57,30,22,35,75,41,76,10.66,5.15,1.85,3.65,3.75,1.25,1.85,2.92,5.60,1.75,2.00,Estadio Inca Garcilaso de la Vega
